STT,Kho,Ngày,Nhận mới,GTC,%Gán của nhận mới,%GTC/ nhận mới
1,22782000 - Kho Giao Hàng Nặng - Buôn Hồ - Đắk Lắk,2026-05-04 - Thứ 2,49,36,"83,67%","73,47%"
2,22168000 - Kho Giao Hàng Nặng - Hoài Nhơn - Bình Định,2026-05-04 - Thứ 2,30,27,"100,00%","90,00%"
3,22059000 - Kho Giao Hàng Nặng - Hoà Xuân - Đà Nẵng,2026-05-04 - Thứ 2,136,117,"100,00%","86,03%"
4,22057000 - Kho Giao Hàng Nặng - Tuy Phong - Bình Thuận,2026-05-04 - Thứ 2,53,41,"86,79%","77,36%"
5,22028000 - Kho Giao Hàng Nặng - La Gi - Bình Thuận,2026-05-04 - Thứ 2,41,38,"100,00%","92,68%"
6,21682000 - Kho Giao Hàng Nặng - Thạch Linh - Hà Tĩnh,2026-05-04 - Thứ 2,43,41,"100,00%","95,35%"
7,21525000 - Kho Giao Hàng Nặng - Gia Nghĩa - Đắk Nông,2026-05-04 - Thứ 2,27,25,"100,00%","92,59%"
8,21521000 - Kho Giao Hàng Nặng - Đông Hà - Quảng Trị,2026-05-04 - Thứ 2,36,34,"100,00%","94,44%"
9,21498000 - Kho Giao Hàng Nặng - Cam Ranh - Khánh Hoà,2026-05-04 - Thứ 2,63,57,"100,00%","90,48%"
10,21483000 - Kho Giao Hàng Nặng - Tam Kỳ - Quảng Nam,2026-05-04 - Thứ 2,117,103,"100,00%","88,03%"
11,21386000 - Kho Giao Hàng Nặng - Hội An - Quảng Nam,2026-05-04 - Thứ 2,67,60,"100,00%","89,55%"
12,21347000 - Kho Giao Hàng Nặng - Tuy Hoà - Phú Yên,2026-05-04 - Thứ 2,84,80,"100,00%","95,24%"
13,21285000 - Kho Giao Hàng Nặng - Phan Thiết - Bình Thuận,2026-05-04 - Thứ 2,118,108,"100,00%","91,53%"
14,21284000 - Kho Giao Hàng Nặng - Quảng Ngãi - Quảng Ngãi,2026-05-04 - Thứ 2,56,52,"100,00%","92,86%"
15,21283000 - Kho Giao Hàng Nặng - Đồng Hới - Quảng Bình,2026-05-04 - Thứ 2,53,47,"100,00%","88,68%"
16,21163000 - Kho Giao Hàng Nặng - Phan Rang - Ninh Thuận,2026-05-04 - Thứ 2,67,62,"100,00%","92,54%"
17,21162000 - Kho Giao Hàng Nặng - Thắng Lợi - Kon Tum,2026-05-04 - Thứ 2,61,46,"83,61%","75,41%"
18,21096000 - Kho Giao Hàng Nặng - Hương Thủy - Huế,2026-05-04 - Thứ 2,58,52,"100,00%","89,66%"
19,21095000 - Kho Giao Hàng Nặng - Vinh - Nghệ An,2026-05-04 - Thứ 2,210,154,"89,52%","73,33%"
20,21094000 - Kho Giao Hàng Nặng - Nha Trang - Khánh Hoà,2026-05-04 - Thứ 2,323,287,"99,69%","88,85%"
21,21091000 - Kho Giao Hàng Nặng - Pleiku - Gia Lai,2026-05-04 - Thứ 2,40,37,"100,00%","92,50%"
22,21090000 - Kho Giao Hàng Nặng - Buôn Ma Thuột - Đắk Lắk,2026-05-04 - Thứ 2,144,129,"100,00%","89,58%"
23,21089000 - Kho Giao Hàng Nặng - Liên Chiểu - Đà Nẵng,2026-05-04 - Thứ 2,252,229,"98,41%","90,87%"
24,21087000 - Kho Giao Hàng Nặng - Quy Nhơn - Bình Định,2026-05-04 - Thứ 2,156,141,"98,08%","90,38%"
25,21086000 - Kho Giao Hàng Nặng - Đông Thọ - Thanh Hoá,2026-05-04 - Thứ 2,126,115,"99,21%","91,27%"
26,22782000 - Kho Giao Hàng Nặng - Buôn Hồ - Đắk Lắk,2026-05-03 - Chủ Nhật,10,2,"40,00%","20,00%"
27,22168000 - Kho Giao Hàng Nặng - Hoài Nhơn - Bình Định,2026-05-03 - Chủ Nhật,12,11,"100,00%","91,67%"
28,22059000 - Kho Giao Hàng Nặng - Hoà Xuân - Đà Nẵng,2026-05-03 - Chủ Nhật,89,77,"100,00%","86,52%"
29,22057000 - Kho Giao Hàng Nặng - Tuy Phong - Bình Thuận,2026-05-03 - Chủ Nhật,24,22,"95,83%","91,67%"
30,22028000 - Kho Giao Hàng Nặng - La Gi - Bình Thuận,2026-05-03 - Chủ Nhật,52,51,"100,00%","98,08%"
31,21682000 - Kho Giao Hàng Nặng - Thạch Linh - Hà Tĩnh,2026-05-03 - Chủ Nhật,54,46,"100,00%","85,19%"
32,21525000 - Kho Giao Hàng Nặng - Gia Nghĩa - Đắk Nông,2026-05-03 - Chủ Nhật,22,16,"100,00%","72,73%"
33,21498000 - Kho Giao Hàng Nặng - Cam Ranh - Khánh Hoà,2026-05-03 - Chủ Nhật,45,39,"97,78%","86,67%"
34,21483000 - Kho Giao Hàng Nặng - Tam Kỳ - Quảng Nam,2026-05-03 - Chủ Nhật,33,30,"96,97%","90,91%"
35,21386000 - Kho Giao Hàng Nặng - Hội An - Quảng Nam,2026-05-03 - Chủ Nhật,50,48,"100,00%","96,00%"
36,21347000 - Kho Giao Hàng Nặng - Tuy Hoà - Phú Yên,2026-05-03 - Chủ Nhật,16,16,"100,00%","100,00%"
37,21285000 - Kho Giao Hàng Nặng - Phan Thiết - Bình Thuận,2026-05-03 - Chủ Nhật,52,43,"100,00%","82,69%"
38,21284000 - Kho Giao Hàng Nặng - Quảng Ngãi - Quảng Ngãi,2026-05-03 - Chủ Nhật,29,27,"100,00%","93,10%"
39,21283000 - Kho Giao Hàng Nặng - Đồng Hới - Quảng Bình,2026-05-03 - Chủ Nhật,27,20,"100,00%","74,07%"
40,21163000 - Kho Giao Hàng Nặng - Phan Rang - Ninh Thuận,2026-05-03 - Chủ Nhật,55,50,"100,00%","90,91%"
41,21162000 - Kho Giao Hàng Nặng - Thắng Lợi - Kon Tum,2026-05-03 - Chủ Nhật,30,28,"100,00%","93,33%"
42,21096000 - Kho Giao Hàng Nặng - Hương Thủy - Huế,2026-05-03 - Chủ Nhật,67,56,"97,01%","83,58%"
43,21095000 - Kho Giao Hàng Nặng - Vinh - Nghệ An,2026-05-03 - Chủ Nhật,308,246,"96,75%","79,87%"
44,21094000 - Kho Giao Hàng Nặng - Nha Trang - Khánh Hoà,2026-05-03 - Chủ Nhật,46,38,"97,83%","82,61%"
45,21091000 - Kho Giao Hàng Nặng - Pleiku - Gia Lai,2026-05-03 - Chủ Nhật,42,38,"92,86%","90,48%"
46,21090000 - Kho Giao Hàng Nặng - Buôn Ma Thuột - Đắk Lắk,2026-05-03 - Chủ Nhật,88,77,"100,00%","87,50%"
47,21089000 - Kho Giao Hàng Nặng - Liên Chiểu - Đà Nẵng,2026-05-03 - Chủ Nhật,109,85,"89,91%","77,98%"
48,21087000 - Kho Giao Hàng Nặng - Quy Nhơn - Bình Định,2026-05-03 - Chủ Nhật,77,62,"89,61%","80,52%"
49,21086000 - Kho Giao Hàng Nặng - Đông Thọ - Thanh Hoá,2026-05-03 - Chủ Nhật,94,77,"94,68%","81,91%"
50,22782000 - Kho Giao Hàng Nặng - Buôn Hồ - Đắk Lắk,2026-05-02 - Thứ 7,54,38,"90,74%","70,37%"
51,22168000 - Kho Giao Hàng Nặng - Hoài Nhơn - Bình Định,2026-05-02 - Thứ 7,38,25,"92,11%","65,79%"
52,22059000 - Kho Giao Hàng Nặng - Hoà Xuân - Đà Nẵng,2026-05-02 - Thứ 7,138,119,"100,00%","86,23%"
53,22057000 - Kho Giao Hàng Nặng - Tuy Phong - Bình Thuận,2026-05-02 - Thứ 7,25,21,"100,00%","84,00%"
54,22028000 - Kho Giao Hàng Nặng - La Gi - Bình Thuận,2026-05-02 - Thứ 7,36,36,"100,00%","100,00%"
55,21682000 - Kho Giao Hàng Nặng - Thạch Linh - Hà Tĩnh,2026-05-02 - Thứ 7,22,21,"100,00%","95,45%"
56,21525000 - Kho Giao Hàng Nặng - Gia Nghĩa - Đắk Nông,2026-05-02 - Thứ 7,38,27,"100,00%","71,05%"
57,21521000 - Kho Giao Hàng Nặng - Đông Hà - Quảng Trị,2026-05-02 - Thứ 7,33,27,"100,00%","81,82%"
58,21498000 - Kho Giao Hàng Nặng - Cam Ranh - Khánh Hoà,2026-05-02 - Thứ 7,50,40,"100,00%","80,00%"
59,21483000 - Kho Giao Hàng Nặng - Tam Kỳ - Quảng Nam,2026-05-02 - Thứ 7,45,39,"100,00%","86,67%"
60,21386000 - Kho Giao Hàng Nặng - Hội An - Quảng Nam,2026-05-02 - Thứ 7,94,78,"100,00%","82,98%"
61,21347000 - Kho Giao Hàng Nặng - Tuy Hoà - Phú Yên,2026-05-02 - Thứ 7,80,73,"100,00%","91,25%"
62,21285000 - Kho Giao Hàng Nặng - Phan Thiết - Bình Thuận,2026-05-02 - Thứ 7,94,82,"100,00%","87,23%"
63,21284000 - Kho Giao Hàng Nặng - Quảng Ngãi - Quảng Ngãi,2026-05-02 - Thứ 7,74,69,"100,00%","93,24%"
64,21283000 - Kho Giao Hàng Nặng - Đồng Hới - Quảng Bình,2026-05-02 - Thứ 7,85,63,"100,00%","74,12%"
65,21163000 - Kho Giao Hàng Nặng - Phan Rang - Ninh Thuận,2026-05-02 - Thứ 7,60,52,"100,00%","86,67%"
66,21162000 - Kho Giao Hàng Nặng - Thắng Lợi - Kon Tum,2026-05-02 - Thứ 7,13,10,"100,00%","76,92%"
67,21096000 - Kho Giao Hàng Nặng - Hương Thủy - Huế,2026-05-02 - Thứ 7,129,120,"100,00%","93,02%"
68,21094000 - Kho Giao Hàng Nặng - Nha Trang - Khánh Hoà,2026-05-02 - Thứ 7,203,167,"94,58%","82,27%"
69,21091000 - Kho Giao Hàng Nặng - Pleiku - Gia Lai,2026-05-02 - Thứ 7,126,109,"97,62%","86,51%"
70,21090000 - Kho Giao Hàng Nặng - Buôn Ma Thuột - Đắk Lắk,2026-05-02 - Thứ 7,275,231,"100,00%","84,00%"
71,21089000 - Kho Giao Hàng Nặng - Liên Chiểu - Đà Nẵng,2026-05-02 - Thứ 7,131,112,"100,00%","85,50%"
72,21087000 - Kho Giao Hàng Nặng - Quy Nhơn - Bình Định,2026-05-02 - Thứ 7,132,114,"100,00%","86,36%"
73,21086000 - Kho Giao Hàng Nặng - Đông Thọ - Thanh Hoá,2026-05-02 - Thứ 7,46,37,"97,83%","80,43%"
74,22782000 - Kho Giao Hàng Nặng - Buôn Hồ - Đắk Lắk,2026-05-01 - Thứ 6,37,20,"59,46%","54,05%"
75,22168000 - Kho Giao Hàng Nặng - Hoài Nhơn - Bình Định,2026-05-01 - Thứ 6,51,40,"100,00%","78,43%"
76,22059000 - Kho Giao Hàng Nặng - Hoà Xuân - Đà Nẵng,2026-05-01 - Thứ 6,240,183,"98,75%","76,25%"
77,22057000 - Kho Giao Hàng Nặng - Tuy Phong - Bình Thuận,2026-05-01 - Thứ 6,50,42,"92,00%","84,00%"
78,22028000 - Kho Giao Hàng Nặng - La Gi - Bình Thuận,2026-05-01 - Thứ 6,47,43,"100,00%","91,49%"
79,21682000 - Kho Giao Hàng Nặng - Thạch Linh - Hà Tĩnh,2026-05-01 - Thứ 6,64,57,"100,00%","89,06%"
80,21525000 - Kho Giao Hàng Nặng - Gia Nghĩa - Đắk Nông,2026-05-01 - Thứ 6,35,30,"97,14%","85,71%"
81,21521000 - Kho Giao Hàng Nặng - Đông Hà - Quảng Trị,2026-05-01 - Thứ 6,41,24,"63,41%","58,54%"
82,21498000 - Kho Giao Hàng Nặng - Cam Ranh - Khánh Hoà,2026-05-01 - Thứ 6,28,25,"100,00%","89,29%"
83,21483000 - Kho Giao Hàng Nặng - Tam Kỳ - Quảng Nam,2026-05-01 - Thứ 6,66,41,"69,70%","62,12%"
84,21386000 - Kho Giao Hàng Nặng - Hội An - Quảng Nam,2026-05-01 - Thứ 6,78,0,"0,00%","0,00%"
85,21347000 - Kho Giao Hàng Nặng - Tuy Hoà - Phú Yên,2026-05-01 - Thứ 6,89,80,"100,00%","89,89%"
86,21285000 - Kho Giao Hàng Nặng - Phan Thiết - Bình Thuận,2026-05-01 - Thứ 6,117,94,"100,00%","80,34%"
87,21284000 - Kho Giao Hàng Nặng - Quảng Ngãi - Quảng Ngãi,2026-05-01 - Thứ 6,83,59,"90,36%","71,08%"
88,21283000 - Kho Giao Hàng Nặng - Đồng Hới - Quảng Bình,2026-05-01 - Thứ 6,22,20,"100,00%","90,91%"
89,21163000 - Kho Giao Hàng Nặng - Phan Rang - Ninh Thuận,2026-05-01 - Thứ 6,90,68,"100,00%","75,56%"
90,21162000 - Kho Giao Hàng Nặng - Thắng Lợi - Kon Tum,2026-05-01 - Thứ 6,57,47,"100,00%","82,46%"
91,21096000 - Kho Giao Hàng Nặng - Hương Thủy - Huế,2026-05-01 - Thứ 6,163,152,"100,00%","93,25%"
92,21095000 - Kho Giao Hàng Nặng - Vinh - Nghệ An,2026-05-01 - Thứ 6,92,13,"16,30%","14,13%"
93,21094000 - Kho Giao Hàng Nặng - Nha Trang - Khánh Hoà,2026-05-01 - Thứ 6,297,233,"97,98%","78,45%"
94,21091000 - Kho Giao Hàng Nặng - Pleiku - Gia Lai,2026-05-01 - Thứ 6,131,122,"100,00%","93,13%"
95,21090000 - Kho Giao Hàng Nặng - Buôn Ma Thuột - Đắk Lắk,2026-05-01 - Thứ 6,123,110,"98,37%","89,43%"
96,21089000 - Kho Giao Hàng Nặng - Liên Chiểu - Đà Nẵng,2026-05-01 - Thứ 6,254,163,"80,31%","64,17%"
97,21087000 - Kho Giao Hàng Nặng - Quy Nhơn - Bình Định,2026-05-01 - Thứ 6,165,119,"91,52%","72,12%"
98,21086000 - Kho Giao Hàng Nặng - Đông Thọ - Thanh Hoá,2026-05-01 - Thứ 6,102,37,"42,16%","36,27%"
99,22782000 - Kho Giao Hàng Nặng - Buôn Hồ - Đắk Lắk,2026-04-30 - Thứ 5,38,33,"89,47%","86,84%"
100,22168000 - Kho Giao Hàng Nặng - Hoài Nhơn - Bình Định,2026-04-30 - Thứ 5,54,44,"90,74%","81,48%"
101,22059000 - Kho Giao Hàng Nặng - Hoà Xuân - Đà Nẵng,2026-04-30 - Thứ 5,250,219,"100,00%","87,60%"
102,22057000 - Kho Giao Hàng Nặng - Tuy Phong - Bình Thuận,2026-04-30 - Thứ 5,50,29,"74,00%","58,00%"
103,22028000 - Kho Giao Hàng Nặng - La Gi - Bình Thuận,2026-04-30 - Thứ 5,52,44,"100,00%","84,62%"
104,21682000 - Kho Giao Hàng Nặng - Thạch Linh - Hà Tĩnh,2026-04-30 - Thứ 5,38,34,"100,00%","89,47%"
105,21525000 - Kho Giao Hàng Nặng - Gia Nghĩa - Đắk Nông,2026-04-30 - Thứ 5,45,0,"0,00%","0,00%"
106,21521000 - Kho Giao Hàng Nặng - Đông Hà - Quảng Trị,2026-04-30 - Thứ 5,39,36,"100,00%","92,31%"
107,21498000 - Kho Giao Hàng Nặng - Cam Ranh - Khánh Hoà,2026-04-30 - Thứ 5,127,118,"100,00%","92,91%"
108,21483000 - Kho Giao Hàng Nặng - Tam Kỳ - Quảng Nam,2026-04-30 - Thứ 5,63,53,"90,48%","84,13%"
109,21386000 - Kho Giao Hàng Nặng - Hội An - Quảng Nam,2026-04-30 - Thứ 5,175,163,"100,00%","93,14%"
110,21347000 - Kho Giao Hàng Nặng - Tuy Hoà - Phú Yên,2026-04-30 - Thứ 5,71,65,"100,00%","91,55%"
111,21285000 - Kho Giao Hàng Nặng - Phan Thiết - Bình Thuận,2026-04-30 - Thứ 5,146,123,"98,63%","84,25%"
112,21284000 - Kho Giao Hàng Nặng - Quảng Ngãi - Quảng Ngãi,2026-04-30 - Thứ 5,86,83,"100,00%","96,51%"
113,21283000 - Kho Giao Hàng Nặng - Đồng Hới - Quảng Bình,2026-04-30 - Thứ 5,76,66,"100,00%","86,84%"
114,21163000 - Kho Giao Hàng Nặng - Phan Rang - Ninh Thuận,2026-04-30 - Thứ 5,127,92,"77,17%","72,44%"
115,21162000 - Kho Giao Hàng Nặng - Thắng Lợi - Kon Tum,2026-04-30 - Thứ 5,84,63,"86,90%","75,00%"
116,21096000 - Kho Giao Hàng Nặng - Hương Thủy - Huế,2026-04-30 - Thứ 5,186,176,"100,00%","94,62%"
117,21095000 - Kho Giao Hàng Nặng - Vinh - Nghệ An,2026-04-30 - Thứ 5,113,67,"73,45%","59,29%"
118,21094000 - Kho Giao Hàng Nặng - Nha Trang - Khánh Hoà,2026-04-30 - Thứ 5,372,311,"96,77%","83,60%"
119,21091000 - Kho Giao Hàng Nặng - Pleiku - Gia Lai,2026-04-30 - Thứ 5,173,162,"100,00%","93,64%"
120,21090000 - Kho Giao Hàng Nặng - Buôn Ma Thuột - Đắk Lắk,2026-04-30 - Thứ 5,141,130,"100,00%","92,20%"
121,21089000 - Kho Giao Hàng Nặng - Liên Chiểu - Đà Nẵng,2026-04-30 - Thứ 5,331,258,"97,58%","77,95%"
122,21087000 - Kho Giao Hàng Nặng - Quy Nhơn - Bình Định,2026-04-30 - Thứ 5,201,136,"74,13%","67,66%"
123,21086000 - Kho Giao Hàng Nặng - Đông Thọ - Thanh Hoá,2026-04-30 - Thứ 5,110,97,"99,09%","88,18%"
124,22782000 - Kho Giao Hàng Nặng - Buôn Hồ - Đắk Lắk,2026-04-29 - Thứ 4,35,29,"94,29%","82,86%"
125,22168000 - Kho Giao Hàng Nặng - Hoài Nhơn - Bình Định,2026-04-29 - Thứ 4,43,39,"100,00%","90,70%"
126,22059000 - Kho Giao Hàng Nặng - Hoà Xuân - Đà Nẵng,2026-04-29 - Thứ 4,119,114,"100,00%","95,80%"
127,22057000 - Kho Giao Hàng Nặng - Tuy Phong - Bình Thuận,2026-04-29 - Thứ 4,68,65,"100,00%","95,59%"
128,22028000 - Kho Giao Hàng Nặng - La Gi - Bình Thuận,2026-04-29 - Thứ 4,57,55,"100,00%","96,49%"
129,21682000 - Kho Giao Hàng Nặng - Thạch Linh - Hà Tĩnh,2026-04-29 - Thứ 4,73,67,"98,63%","91,78%"
130,21525000 - Kho Giao Hàng Nặng - Gia Nghĩa - Đắk Nông,2026-04-29 - Thứ 4,37,33,"100,00%","89,19%"
131,21521000 - Kho Giao Hàng Nặng - Đông Hà - Quảng Trị,2026-04-29 - Thứ 4,42,39,"100,00%","92,86%"
132,21498000 - Kho Giao Hàng Nặng - Cam Ranh - Khánh Hoà,2026-04-29 - Thứ 4,55,49,"100,00%","89,09%"
133,21483000 - Kho Giao Hàng Nặng - Tam Kỳ - Quảng Nam,2026-04-29 - Thứ 4,39,36,"100,00%","92,31%"
134,21386000 - Kho Giao Hàng Nặng - Hội An - Quảng Nam,2026-04-29 - Thứ 4,114,108,"100,00%","94,74%"
135,21347000 - Kho Giao Hàng Nặng - Tuy Hoà - Phú Yên,2026-04-29 - Thứ 4,99,95,"100,00%","95,96%"
136,21285000 - Kho Giao Hàng Nặng - Phan Thiết - Bình Thuận,2026-04-29 - Thứ 4,130,112,"100,00%","86,15%"
137,21284000 - Kho Giao Hàng Nặng - Quảng Ngãi - Quảng Ngãi,2026-04-29 - Thứ 4,82,80,"100,00%","97,56%"
138,21283000 - Kho Giao Hàng Nặng - Đồng Hới - Quảng Bình,2026-04-29 - Thứ 4,73,70,"100,00%","95,89%"
139,21163000 - Kho Giao Hàng Nặng - Phan Rang - Ninh Thuận,2026-04-29 - Thứ 4,96,91,"100,00%","94,79%"
140,21162000 - Kho Giao Hàng Nặng - Thắng Lợi - Kon Tum,2026-04-29 - Thứ 4,58,53,"100,00%","91,38%"
141,21096000 - Kho Giao Hàng Nặng - Hương Thủy - Huế,2026-04-29 - Thứ 4,110,104,"100,00%","94,55%"
142,21095000 - Kho Giao Hàng Nặng - Vinh - Nghệ An,2026-04-29 - Thứ 4,221,175,"100,00%","79,19%"
143,21094000 - Kho Giao Hàng Nặng - Nha Trang - Khánh Hoà,2026-04-29 - Thứ 4,301,257,"98,34%","85,38%"
144,21091000 - Kho Giao Hàng Nặng - Pleiku - Gia Lai,2026-04-29 - Thứ 4,63,59,"100,00%","93,65%"
145,21090000 - Kho Giao Hàng Nặng - Buôn Ma Thuột - Đắk Lắk,2026-04-29 - Thứ 4,189,168,"100,00%","88,89%"
146,21089000 - Kho Giao Hàng Nặng - Liên Chiểu - Đà Nẵng,2026-04-29 - Thứ 4,255,228,"100,00%","89,41%"
147,21087000 - Kho Giao Hàng Nặng - Quy Nhơn - Bình Định,2026-04-29 - Thứ 4,189,176,"100,00%","93,12%"
148,21086000 - Kho Giao Hàng Nặng - Đông Thọ - Thanh Hoá,2026-04-29 - Thứ 4,165,147,"94,55%","89,09%"
149,22782000 - Kho Giao Hàng Nặng - Buôn Hồ - Đắk Lắk,2026-04-28 - Thứ 3,62,52,"95,16%","83,87%"
150,22168000 - Kho Giao Hàng Nặng - Hoài Nhơn - Bình Định,2026-04-28 - Thứ 3,50,42,"98,00%","84,00%"
151,22059000 - Kho Giao Hàng Nặng - Hoà Xuân - Đà Nẵng,2026-04-28 - Thứ 3,312,288,"100,00%","92,31%"
152,22057000 - Kho Giao Hàng Nặng - Tuy Phong - Bình Thuận,2026-04-28 - Thứ 3,25,17,"84,00%","68,00%"
153,22028000 - Kho Giao Hàng Nặng - La Gi - Bình Thuận,2026-04-28 - Thứ 3,66,62,"100,00%","93,94%"
154,21682000 - Kho Giao Hàng Nặng - Thạch Linh - Hà Tĩnh,2026-04-28 - Thứ 3,66,58,"100,00%","87,88%"
155,21525000 - Kho Giao Hàng Nặng - Gia Nghĩa - Đắk Nông,2026-04-28 - Thứ 3,44,32,"97,73%","72,73%"
156,21521000 - Kho Giao Hàng Nặng - Đông Hà - Quảng Trị,2026-04-28 - Thứ 3,51,49,"100,00%","96,08%"
157,21498000 - Kho Giao Hàng Nặng - Cam Ranh - Khánh Hoà,2026-04-28 - Thứ 3,71,62,"100,00%","87,32%"
158,21483000 - Kho Giao Hàng Nặng - Tam Kỳ - Quảng Nam,2026-04-28 - Thứ 3,105,94,"97,14%","89,52%"
159,21386000 - Kho Giao Hàng Nặng - Hội An - Quảng Nam,2026-04-28 - Thứ 3,180,169,"100,00%","93,89%"
160,21347000 - Kho Giao Hàng Nặng - Tuy Hoà - Phú Yên,2026-04-28 - Thứ 3,92,84,"100,00%","91,30%"
161,21285000 - Kho Giao Hàng Nặng - Phan Thiết - Bình Thuận,2026-04-28 - Thứ 3,129,113,"96,12%","87,60%"
162,21284000 - Kho Giao Hàng Nặng - Quảng Ngãi - Quảng Ngãi,2026-04-28 - Thứ 3,159,152,"99,37%","95,60%"
163,21283000 - Kho Giao Hàng Nặng - Đồng Hới - Quảng Bình,2026-04-28 - Thứ 3,84,79,"100,00%","94,05%"
164,21163000 - Kho Giao Hàng Nặng - Phan Rang - Ninh Thuận,2026-04-28 - Thứ 3,126,114,"100,00%","90,48%"
165,21162000 - Kho Giao Hàng Nặng - Thắng Lợi - Kon Tum,2026-04-28 - Thứ 3,38,29,"89,47%","76,32%"
166,21096000 - Kho Giao Hàng Nặng - Hương Thủy - Huế,2026-04-28 - Thứ 3,260,252,"100,00%","96,92%"
167,21095000 - Kho Giao Hàng Nặng - Vinh - Nghệ An,2026-04-28 - Thứ 3,233,176,"92,70%","75,54%"
168,21094000 - Kho Giao Hàng Nặng - Nha Trang - Khánh Hoà,2026-04-28 - Thứ 3,304,278,"99,01%","91,45%"
169,21091000 - Kho Giao Hàng Nặng - Pleiku - Gia Lai,2026-04-28 - Thứ 3,205,193,"100,00%","94,15%"
170,21090000 - Kho Giao Hàng Nặng - Buôn Ma Thuột - Đắk Lắk,2026-04-28 - Thứ 3,222,205,"99,55%","92,34%"
171,21089000 - Kho Giao Hàng Nặng - Liên Chiểu - Đà Nẵng,2026-04-28 - Thứ 3,422,381,"98,82%","90,28%"
172,21087000 - Kho Giao Hàng Nặng - Quy Nhơn - Bình Định,2026-04-28 - Thứ 3,210,201,"100,00%","95,71%"
173,21086000 - Kho Giao Hàng Nặng - Đông Thọ - Thanh Hoá,2026-04-28 - Thứ 3,171,156,"98,25%","91,23%"
174,22782000 - Kho Giao Hàng Nặng - Buôn Hồ - Đắk Lắk,2026-04-27 - Thứ 2,76,59,"84,21%","77,63%"
175,22168000 - Kho Giao Hàng Nặng - Hoài Nhơn - Bình Định,2026-04-27 - Thứ 2,70,57,"100,00%","81,43%"
176,22059000 - Kho Giao Hàng Nặng - Hoà Xuân - Đà Nẵng,2026-04-27 - Thứ 2,191,177,"100,00%","92,67%"
177,22057000 - Kho Giao Hàng Nặng - Tuy Phong - Bình Thuận,2026-04-27 - Thứ 2,89,69,"91,01%","77,53%"
178,22028000 - Kho Giao Hàng Nặng - La Gi - Bình Thuận,2026-04-27 - Thứ 2,77,69,"100,00%","89,61%"
179,21682000 - Kho Giao Hàng Nặng - Thạch Linh - Hà Tĩnh,2026-04-27 - Thứ 2,71,61,"98,59%","85,92%"
180,21525000 - Kho Giao Hàng Nặng - Gia Nghĩa - Đắk Nông,2026-04-27 - Thứ 2,60,50,"96,67%","83,33%"
181,21521000 - Kho Giao Hàng Nặng - Đông Hà - Quảng Trị,2026-04-27 - Thứ 2,46,44,"100,00%","95,65%"
182,21498000 - Kho Giao Hàng Nặng - Cam Ranh - Khánh Hoà,2026-04-27 - Thứ 2,113,102,"100,00%","90,27%"
183,21483000 - Kho Giao Hàng Nặng - Tam Kỳ - Quảng Nam,2026-04-27 - Thứ 2,79,70,"100,00%","88,61%"
184,21386000 - Kho Giao Hàng Nặng - Hội An - Quảng Nam,2026-04-27 - Thứ 2,158,143,"100,00%","90,51%"
185,21347000 - Kho Giao Hàng Nặng - Tuy Hoà - Phú Yên,2026-04-27 - Thứ 2,128,119,"100,00%","92,97%"
186,21285000 - Kho Giao Hàng Nặng - Phan Thiết - Bình Thuận,2026-04-27 - Thứ 2,170,137,"94,12%","80,59%"
187,21284000 - Kho Giao Hàng Nặng - Quảng Ngãi - Quảng Ngãi,2026-04-27 - Thứ 2,115,108,"100,00%","93,91%"
188,21283000 - Kho Giao Hàng Nặng - Đồng Hới - Quảng Bình,2026-04-27 - Thứ 2,70,64,"100,00%","91,43%"
189,21163000 - Kho Giao Hàng Nặng - Phan Rang - Ninh Thuận,2026-04-27 - Thứ 2,120,106,"100,00%","88,33%"
190,21162000 - Kho Giao Hàng Nặng - Thắng Lợi - Kon Tum,2026-04-27 - Thứ 2,92,86,"100,00%","93,48%"
191,21096000 - Kho Giao Hàng Nặng - Hương Thủy - Huế,2026-04-27 - Thứ 2,160,156,"100,00%","97,50%"
192,21095000 - Kho Giao Hàng Nặng - Vinh - Nghệ An,2026-04-27 - Thứ 2,258,186,"93,80%","72,09%"
193,21094000 - Kho Giao Hàng Nặng - Nha Trang - Khánh Hoà,2026-04-27 - Thứ 2,420,375,"100,00%","89,29%"
194,21091000 - Kho Giao Hàng Nặng - Pleiku - Gia Lai,2026-04-27 - Thứ 2,140,129,"100,00%","92,14%"
195,21090000 - Kho Giao Hàng Nặng - Buôn Ma Thuột - Đắk Lắk,2026-04-27 - Thứ 2,348,289,"99,14%","83,05%"
196,21089000 - Kho Giao Hàng Nặng - Liên Chiểu - Đà Nẵng,2026-04-27 - Thứ 2,222,175,"97,75%","78,83%"
197,21087000 - Kho Giao Hàng Nặng - Quy Nhơn - Bình Định,2026-04-27 - Thứ 2,227,214,"99,56%","94,27%"
198,21086000 - Kho Giao Hàng Nặng - Đông Thọ - Thanh Hoá,2026-04-27 - Thứ 2,210,186,"92,38%","88,57%"
199,22782000 - Kho Giao Hàng Nặng - Buôn Hồ - Đắk Lắk,2026-04-26 - Chủ Nhật,57,46,"89,47%","80,70%"
200,22168000 - Kho Giao Hàng Nặng - Hoài Nhơn - Bình Định,2026-04-26 - Chủ Nhật,47,39,"89,36%","82,98%"
201,22059000 - Kho Giao Hàng Nặng - Hoà Xuân - Đà Nẵng,2026-04-26 - Chủ Nhật,247,218,"100,00%","88,26%"
202,22057000 - Kho Giao Hàng Nặng - Tuy Phong - Bình Thuận,2026-04-26 - Chủ Nhật,94,55,"62,77%","58,51%"
203,22028000 - Kho Giao Hàng Nặng - La Gi - Bình Thuận,2026-04-26 - Chủ Nhật,97,90,"100,00%","92,78%"
204,21682000 - Kho Giao Hàng Nặng - Thạch Linh - Hà Tĩnh,2026-04-26 - Chủ Nhật,43,38,"100,00%","88,37%"
205,21525000 - Kho Giao Hàng Nặng - Gia Nghĩa - Đắk Nông,2026-04-26 - Chủ Nhật,51,41,"100,00%","80,39%"
206,21521000 - Kho Giao Hàng Nặng - Đông Hà - Quảng Trị,2026-04-26 - Chủ Nhật,52,46,"100,00%","88,46%"
207,21498000 - Kho Giao Hàng Nặng - Cam Ranh - Khánh Hoà,2026-04-26 - Chủ Nhật,48,42,"100,00%","87,50%"
208,21483000 - Kho Giao Hàng Nặng - Tam Kỳ - Quảng Nam,2026-04-26 - Chủ Nhật,71,62,"100,00%","87,32%"
209,21386000 - Kho Giao Hàng Nặng - Hội An - Quảng Nam,2026-04-26 - Chủ Nhật,106,100,"100,00%","94,34%"
210,21347000 - Kho Giao Hàng Nặng - Tuy Hoà - Phú Yên,2026-04-26 - Chủ Nhật,73,67,"100,00%","91,78%"
211,21285000 - Kho Giao Hàng Nặng - Phan Thiết - Bình Thuận,2026-04-26 - Chủ Nhật,152,135,"96,05%","88,82%"
212,21284000 - Kho Giao Hàng Nặng - Quảng Ngãi - Quảng Ngãi,2026-04-26 - Chủ Nhật,93,89,"100,00%","95,70%"
213,21283000 - Kho Giao Hàng Nặng - Đồng Hới - Quảng Bình,2026-04-26 - Chủ Nhật,58,50,"100,00%","86,21%"
214,21163000 - Kho Giao Hàng Nặng - Phan Rang - Ninh Thuận,2026-04-26 - Chủ Nhật,98,89,"100,00%","90,82%"
215,21162000 - Kho Giao Hàng Nặng - Thắng Lợi - Kon Tum,2026-04-26 - Chủ Nhật,96,88,"100,00%","91,67%"
216,21096000 - Kho Giao Hàng Nặng - Hương Thủy - Huế,2026-04-26 - Chủ Nhật,179,171,"100,00%","95,53%"
217,21095000 - Kho Giao Hàng Nặng - Vinh - Nghệ An,2026-04-26 - Chủ Nhật,230,187,"92,17%","81,30%"
218,21094000 - Kho Giao Hàng Nặng - Nha Trang - Khánh Hoà,2026-04-26 - Chủ Nhật,331,267,"96,68%","80,66%"
219,21091000 - Kho Giao Hàng Nặng - Pleiku - Gia Lai,2026-04-26 - Chủ Nhật,160,154,"100,00%","96,25%"
220,21090000 - Kho Giao Hàng Nặng - Buôn Ma Thuột - Đắk Lắk,2026-04-26 - Chủ Nhật,231,194,"100,00%","83,98%"
221,21089000 - Kho Giao Hàng Nặng - Liên Chiểu - Đà Nẵng,2026-04-26 - Chủ Nhật,334,280,"95,81%","83,83%"
222,21087000 - Kho Giao Hàng Nặng - Quy Nhơn - Bình Định,2026-04-26 - Chủ Nhật,252,231,"99,60%","91,67%"
223,21086000 - Kho Giao Hàng Nặng - Đông Thọ - Thanh Hoá,2026-04-26 - Chủ Nhật,155,131,"94,84%","84,52%"
224,22782000 - Kho Giao Hàng Nặng - Buôn Hồ - Đắk Lắk,2026-04-25 - Thứ 7,37,26,"94,59%","70,27%"
225,22168000 - Kho Giao Hàng Nặng - Hoài Nhơn - Bình Định,2026-04-25 - Thứ 7,53,46,"100,00%","86,79%"
226,22059000 - Kho Giao Hàng Nặng - Hoà Xuân - Đà Nẵng,2026-04-25 - Thứ 7,230,200,"100,00%","86,96%"
227,22057000 - Kho Giao Hàng Nặng - Tuy Phong - Bình Thuận,2026-04-25 - Thứ 7,44,44,"100,00%","100,00%"
228,22028000 - Kho Giao Hàng Nặng - La Gi - Bình Thuận,2026-04-25 - Thứ 7,63,61,"100,00%","96,83%"
229,21682000 - Kho Giao Hàng Nặng - Thạch Linh - Hà Tĩnh,2026-04-25 - Thứ 7,89,81,"98,88%","91,01%"
230,21525000 - Kho Giao Hàng Nặng - Gia Nghĩa - Đắk Nông,2026-04-25 - Thứ 7,36,27,"100,00%","75,00%"
231,21521000 - Kho Giao Hàng Nặng - Đông Hà - Quảng Trị,2026-04-25 - Thứ 7,46,45,"100,00%","97,83%"
232,21498000 - Kho Giao Hàng Nặng - Cam Ranh - Khánh Hoà,2026-04-25 - Thứ 7,136,120,"100,00%","88,24%"
233,21483000 - Kho Giao Hàng Nặng - Tam Kỳ - Quảng Nam,2026-04-25 - Thứ 7,77,68,"100,00%","88,31%"
234,21386000 - Kho Giao Hàng Nặng - Hội An - Quảng Nam,2026-04-25 - Thứ 7,154,142,"100,00%","92,21%"
235,21347000 - Kho Giao Hàng Nặng - Tuy Hoà - Phú Yên,2026-04-25 - Thứ 7,53,50,"100,00%","94,34%"
236,21285000 - Kho Giao Hàng Nặng - Phan Thiết - Bình Thuận,2026-04-25 - Thứ 7,138,117,"97,83%","84,78%"
237,21284000 - Kho Giao Hàng Nặng - Quảng Ngãi - Quảng Ngãi,2026-04-25 - Thứ 7,128,122,"100,00%","95,31%"
238,21283000 - Kho Giao Hàng Nặng - Đồng Hới - Quảng Bình,2026-04-25 - Thứ 7,130,114,"100,00%","87,69%"
239,21163000 - Kho Giao Hàng Nặng - Phan Rang - Ninh Thuận,2026-04-25 - Thứ 7,106,99,"100,00%","93,40%"
240,21162000 - Kho Giao Hàng Nặng - Thắng Lợi - Kon Tum,2026-04-25 - Thứ 7,61,44,"83,61%","72,13%"
241,21096000 - Kho Giao Hàng Nặng - Hương Thủy - Huế,2026-04-25 - Thứ 7,248,240,"100,00%","96,77%"
242,21095000 - Kho Giao Hàng Nặng - Vinh - Nghệ An,2026-04-25 - Thứ 7,210,160,"90,95%","76,19%"
243,21094000 - Kho Giao Hàng Nặng - Nha Trang - Khánh Hoà,2026-04-25 - Thứ 7,371,332,"98,65%","89,49%"
244,21091000 - Kho Giao Hàng Nặng - Pleiku - Gia Lai,2026-04-25 - Thứ 7,140,129,"99,29%","92,14%"
245,21090000 - Kho Giao Hàng Nặng - Buôn Ma Thuột - Đắk Lắk,2026-04-25 - Thứ 7,173,155,"95,95%","89,60%"
246,21089000 - Kho Giao Hàng Nặng - Liên Chiểu - Đà Nẵng,2026-04-25 - Thứ 7,368,320,"98,10%","86,96%"
247,21087000 - Kho Giao Hàng Nặng - Quy Nhơn - Bình Định,2026-04-25 - Thứ 7,213,196,"98,12%","92,02%"
248,21086000 - Kho Giao Hàng Nặng - Đông Thọ - Thanh Hoá,2026-04-25 - Thứ 7,169,150,"96,45%","88,76%"
249,22782000 - Kho Giao Hàng Nặng - Buôn Hồ - Đắk Lắk,2026-04-24 - Thứ 6,78,70,"92,31%","89,74%"
250,22168000 - Kho Giao Hàng Nặng - Hoài Nhơn - Bình Định,2026-04-24 - Thứ 6,61,52,"96,72%","85,25%"
251,22059000 - Kho Giao Hàng Nặng - Hoà Xuân - Đà Nẵng,2026-04-24 - Thứ 6,342,312,"100,00%","91,23%"
252,22057000 - Kho Giao Hàng Nặng - Tuy Phong - Bình Thuận,2026-04-24 - Thứ 6,94,83,"98,94%","88,30%"
253,22028000 - Kho Giao Hàng Nặng - La Gi - Bình Thuận,2026-04-24 - Thứ 6,75,67,"100,00%","89,33%"
254,21682000 - Kho Giao Hàng Nặng - Thạch Linh - Hà Tĩnh,2026-04-24 - Thứ 6,66,61,"100,00%","92,42%"
255,21525000 - Kho Giao Hàng Nặng - Gia Nghĩa - Đắk Nông,2026-04-24 - Thứ 6,68,56,"100,00%","82,35%"
256,21521000 - Kho Giao Hàng Nặng - Đông Hà - Quảng Trị,2026-04-24 - Thứ 6,72,66,"100,00%","91,67%"
257,21498000 - Kho Giao Hàng Nặng - Cam Ranh - Khánh Hoà,2026-04-24 - Thứ 6,58,52,"100,00%","89,66%"
258,21483000 - Kho Giao Hàng Nặng - Tam Kỳ - Quảng Nam,2026-04-24 - Thứ 6,104,99,"100,00%","95,19%"
259,21386000 - Kho Giao Hàng Nặng - Hội An - Quảng Nam,2026-04-24 - Thứ 6,168,160,"100,00%","95,24%"
260,21347000 - Kho Giao Hàng Nặng - Tuy Hoà - Phú Yên,2026-04-24 - Thứ 6,130,120,"100,00%","92,31%"
261,21285000 - Kho Giao Hàng Nặng - Phan Thiết - Bình Thuận,2026-04-24 - Thứ 6,172,147,"98,26%","85,47%"
262,21284000 - Kho Giao Hàng Nặng - Quảng Ngãi - Quảng Ngãi,2026-04-24 - Thứ 6,133,128,"99,25%","96,24%"
263,21283000 - Kho Giao Hàng Nặng - Đồng Hới - Quảng Bình,2026-04-24 - Thứ 6,63,58,"100,00%","92,06%"
264,21163000 - Kho Giao Hàng Nặng - Phan Rang - Ninh Thuận,2026-04-24 - Thứ 6,120,105,"100,00%","87,50%"
265,21162000 - Kho Giao Hàng Nặng - Thắng Lợi - Kon Tum,2026-04-24 - Thứ 6,75,69,"100,00%","92,00%"
266,21096000 - Kho Giao Hàng Nặng - Hương Thủy - Huế,2026-04-24 - Thứ 6,310,300,"100,00%","96,77%"
267,21095000 - Kho Giao Hàng Nặng - Vinh - Nghệ An,2026-04-24 - Thứ 6,285,232,"94,74%","81,40%"
268,21094000 - Kho Giao Hàng Nặng - Nha Trang - Khánh Hoà,2026-04-24 - Thứ 6,439,382,"99,09%","87,02%"
269,21091000 - Kho Giao Hàng Nặng - Pleiku - Gia Lai,2026-04-24 - Thứ 6,221,216,"100,00%","97,74%"
270,21090000 - Kho Giao Hàng Nặng - Buôn Ma Thuột - Đắk Lắk,2026-04-24 - Thứ 6,279,255,"99,28%","91,40%"
271,21089000 - Kho Giao Hàng Nặng - Liên Chiểu - Đà Nẵng,2026-04-24 - Thứ 6,376,337,"98,67%","89,63%"
272,21087000 - Kho Giao Hàng Nặng - Quy Nhơn - Bình Định,2026-04-24 - Thứ 6,250,232,"100,00%","92,80%"
273,21086000 - Kho Giao Hàng Nặng - Đông Thọ - Thanh Hoá,2026-04-24 - Thứ 6,182,159,"98,35%","87,36%"
274,22782000 - Kho Giao Hàng Nặng - Buôn Hồ - Đắk Lắk,2026-04-23 - Thứ 5,97,74,"86,60%","76,29%"
275,22168000 - Kho Giao Hàng Nặng - Hoài Nhơn - Bình Định,2026-04-23 - Thứ 5,52,40,"100,00%","76,92%"
276,22059000 - Kho Giao Hàng Nặng - Hoà Xuân - Đà Nẵng,2026-04-23 - Thứ 5,336,312,"100,00%","92,86%"
277,22057000 - Kho Giao Hàng Nặng - Tuy Phong - Bình Thuận,2026-04-23 - Thứ 5,82,77,"100,00%","93,90%"
278,22028000 - Kho Giao Hàng Nặng - La Gi - Bình Thuận,2026-04-23 - Thứ 5,121,115,"100,00%","95,04%"
279,21682000 - Kho Giao Hàng Nặng - Thạch Linh - Hà Tĩnh,2026-04-23 - Thứ 5,102,95,"100,00%","93,14%"
280,21525000 - Kho Giao Hàng Nặng - Gia Nghĩa - Đắk Nông,2026-04-23 - Thứ 5,55,48,"98,18%","87,27%"
281,21521000 - Kho Giao Hàng Nặng - Đông Hà - Quảng Trị,2026-04-23 - Thứ 5,64,58,"100,00%","90,63%"
282,21498000 - Kho Giao Hàng Nặng - Cam Ranh - Khánh Hoà,2026-04-23 - Thứ 5,177,160,"100,00%","90,40%"
283,21483000 - Kho Giao Hàng Nặng - Tam Kỳ - Quảng Nam,2026-04-23 - Thứ 5,100,98,"100,00%","98,00%"
284,21386000 - Kho Giao Hàng Nặng - Hội An - Quảng Nam,2026-04-23 - Thứ 5,230,220,"100,00%","95,65%"
285,21347000 - Kho Giao Hàng Nặng - Tuy Hoà - Phú Yên,2026-04-23 - Thứ 5,146,143,"100,00%","97,95%"
286,21285000 - Kho Giao Hàng Nặng - Phan Thiết - Bình Thuận,2026-04-23 - Thứ 5,189,173,"100,00%","91,53%"
287,21284000 - Kho Giao Hàng Nặng - Quảng Ngãi - Quảng Ngãi,2026-04-23 - Thứ 5,129,126,"100,00%","97,67%"
288,21283000 - Kho Giao Hàng Nặng - Đồng Hới - Quảng Bình,2026-04-23 - Thứ 5,136,127,"100,00%","93,38%"
289,21163000 - Kho Giao Hàng Nặng - Phan Rang - Ninh Thuận,2026-04-23 - Thứ 5,171,158,"100,00%","92,40%"
290,21162000 - Kho Giao Hàng Nặng - Thắng Lợi - Kon Tum,2026-04-23 - Thứ 5,111,101,"100,00%","90,99%"
291,21096000 - Kho Giao Hàng Nặng - Hương Thủy - Huế,2026-04-23 - Thứ 5,323,311,"100,00%","96,28%"
292,21095000 - Kho Giao Hàng Nặng - Vinh - Nghệ An,2026-04-23 - Thứ 5,226,192,"94,69%","84,96%"
293,21094000 - Kho Giao Hàng Nặng - Nha Trang - Khánh Hoà,2026-04-23 - Thứ 5,547,471,"97,81%","86,11%"
294,21091000 - Kho Giao Hàng Nặng - Pleiku - Gia Lai,2026-04-23 - Thứ 5,205,197,"99,02%","96,10%"
295,21090000 - Kho Giao Hàng Nặng - Buôn Ma Thuột - Đắk Lắk,2026-04-23 - Thứ 5,431,384,"99,77%","89,10%"
296,21089000 - Kho Giao Hàng Nặng - Liên Chiểu - Đà Nẵng,2026-04-23 - Thứ 5,416,376,"99,76%","90,38%"
297,21087000 - Kho Giao Hàng Nặng - Quy Nhơn - Bình Định,2026-04-23 - Thứ 5,261,248,"99,62%","95,02%"
298,21086000 - Kho Giao Hàng Nặng - Đông Thọ - Thanh Hoá,2026-04-23 - Thứ 5,217,195,"99,08%","89,86%"
299,22782000 - Kho Giao Hàng Nặng - Buôn Hồ - Đắk Lắk,2026-04-22 - Thứ 4,43,35,"88,37%","81,40%"
300,22168000 - Kho Giao Hàng Nặng - Hoài Nhơn - Bình Định,2026-04-22 - Thứ 4,29,25,"100,00%","86,21%"
301,22059000 - Kho Giao Hàng Nặng - Hoà Xuân - Đà Nẵng,2026-04-22 - Thứ 4,151,135,"100,00%","89,40%"
302,22057000 - Kho Giao Hàng Nặng - Tuy Phong - Bình Thuận,2026-04-22 - Thứ 4,92,85,"100,00%","92,39%"
303,22028000 - Kho Giao Hàng Nặng - La Gi - Bình Thuận,2026-04-22 - Thứ 4,70,68,"100,00%","97,14%"
304,21682000 - Kho Giao Hàng Nặng - Thạch Linh - Hà Tĩnh,2026-04-22 - Thứ 4,30,23,"100,00%","76,67%"
305,21525000 - Kho Giao Hàng Nặng - Gia Nghĩa - Đắk Nông,2026-04-22 - Thứ 4,54,42,"88,89%","77,78%"
306,21521000 - Kho Giao Hàng Nặng - Đông Hà - Quảng Trị,2026-04-22 - Thứ 4,11,11,"100,00%","100,00%"
307,21498000 - Kho Giao Hàng Nặng - Cam Ranh - Khánh Hoà,2026-04-22 - Thứ 4,41,33,"100,00%","80,49%"
308,21483000 - Kho Giao Hàng Nặng - Tam Kỳ - Quảng Nam,2026-04-22 - Thứ 4,38,35,"100,00%","92,11%"
309,21386000 - Kho Giao Hàng Nặng - Hội An - Quảng Nam,2026-04-22 - Thứ 4,49,47,"100,00%","95,92%"
310,21347000 - Kho Giao Hàng Nặng - Tuy Hoà - Phú Yên,2026-04-22 - Thứ 4,76,73,"100,00%","96,05%"
311,21285000 - Kho Giao Hàng Nặng - Phan Thiết - Bình Thuận,2026-04-22 - Thứ 4,150,124,"97,33%","82,67%"
312,21284000 - Kho Giao Hàng Nặng - Quảng Ngãi - Quảng Ngãi,2026-04-22 - Thứ 4,56,51,"100,00%","91,07%"
313,21283000 - Kho Giao Hàng Nặng - Đồng Hới - Quảng Bình,2026-04-22 - Thứ 4,50,45,"100,00%","90,00%"
314,21163000 - Kho Giao Hàng Nặng - Phan Rang - Ninh Thuận,2026-04-22 - Thứ 4,137,130,"100,00%","94,89%"
315,21162000 - Kho Giao Hàng Nặng - Thắng Lợi - Kon Tum,2026-04-22 - Thứ 4,88,77,"100,00%","87,50%"
316,21096000 - Kho Giao Hàng Nặng - Hương Thủy - Huế,2026-04-22 - Thứ 4,100,96,"100,00%","96,00%"
317,21095000 - Kho Giao Hàng Nặng - Vinh - Nghệ An,2026-04-22 - Thứ 4,262,209,"89,69%","79,77%"
318,21094000 - Kho Giao Hàng Nặng - Nha Trang - Khánh Hoà,2026-04-22 - Thứ 4,307,274,"97,07%","89,25%"
319,21091000 - Kho Giao Hàng Nặng - Pleiku - Gia Lai,2026-04-22 - Thứ 4,42,41,"100,00%","97,62%"
320,21090000 - Kho Giao Hàng Nặng - Buôn Ma Thuột - Đắk Lắk,2026-04-22 - Thứ 4,190,169,"100,00%","88,95%"
321,21089000 - Kho Giao Hàng Nặng - Liên Chiểu - Đà Nẵng,2026-04-22 - Thứ 4,301,275,"99,00%","91,36%"
322,21087000 - Kho Giao Hàng Nặng - Quy Nhơn - Bình Định,2026-04-22 - Thứ 4,197,176,"97,46%","89,34%"
323,21086000 - Kho Giao Hàng Nặng - Đông Thọ - Thanh Hoá,2026-04-22 - Thứ 4,184,169,"99,46%","91,85%"
324,22782000 - Kho Giao Hàng Nặng - Buôn Hồ - Đắk Lắk,2026-04-21 - Thứ 3,40,35,"97,50%","87,50%"
325,22168000 - Kho Giao Hàng Nặng - Hoài Nhơn - Bình Định,2026-04-21 - Thứ 3,28,18,"100,00%","64,29%"
326,22059000 - Kho Giao Hàng Nặng - Hoà Xuân - Đà Nẵng,2026-04-21 - Thứ 3,164,151,"100,00%","92,07%"
327,22057000 - Kho Giao Hàng Nặng - Tuy Phong - Bình Thuận,2026-04-21 - Thứ 3,73,63,"100,00%","86,30%"
328,22028000 - Kho Giao Hàng Nặng - La Gi - Bình Thuận,2026-04-21 - Thứ 3,53,46,"88,68%","86,79%"
329,21682000 - Kho Giao Hàng Nặng - Thạch Linh - Hà Tĩnh,2026-04-21 - Thứ 3,69,60,"100,00%","86,96%"
330,21525000 - Kho Giao Hàng Nặng - Gia Nghĩa - Đắk Nông,2026-04-21 - Thứ 3,41,18,"53,66%","43,90%"
331,21521000 - Kho Giao Hàng Nặng - Đông Hà - Quảng Trị,2026-04-21 - Thứ 3,59,57,"100,00%","96,61%"
332,21498000 - Kho Giao Hàng Nặng - Cam Ranh - Khánh Hoà,2026-04-21 - Thứ 3,88,76,"100,00%","86,36%"
333,21483000 - Kho Giao Hàng Nặng - Tam Kỳ - Quảng Nam,2026-04-21 - Thứ 3,74,63,"95,95%","85,14%"
334,21386000 - Kho Giao Hàng Nặng - Hội An - Quảng Nam,2026-04-21 - Thứ 3,160,150,"100,00%","93,75%"
335,21347000 - Kho Giao Hàng Nặng - Tuy Hoà - Phú Yên,2026-04-21 - Thứ 3,42,40,"100,00%","95,24%"
336,21285000 - Kho Giao Hàng Nặng - Phan Thiết - Bình Thuận,2026-04-21 - Thứ 3,95,86,"100,00%","90,53%"
337,21284000 - Kho Giao Hàng Nặng - Quảng Ngãi - Quảng Ngãi,2026-04-21 - Thứ 3,104,103,"100,00%","99,04%"
338,21283000 - Kho Giao Hàng Nặng - Đồng Hới - Quảng Bình,2026-04-21 - Thứ 3,70,66,"100,00%","94,29%"
339,21163000 - Kho Giao Hàng Nặng - Phan Rang - Ninh Thuận,2026-04-21 - Thứ 3,77,66,"100,00%","85,71%"
340,21162000 - Kho Giao Hàng Nặng - Thắng Lợi - Kon Tum,2026-04-21 - Thứ 3,38,36,"100,00%","94,74%"
341,21096000 - Kho Giao Hàng Nặng - Hương Thủy - Huế,2026-04-21 - Thứ 3,233,226,"100,00%","97,00%"
342,21095000 - Kho Giao Hàng Nặng - Vinh - Nghệ An,2026-04-21 - Thứ 3,229,195,"100,00%","85,15%"
343,21094000 - Kho Giao Hàng Nặng - Nha Trang - Khánh Hoà,2026-04-21 - Thứ 3,212,184,"97,17%","86,79%"
344,21091000 - Kho Giao Hàng Nặng - Pleiku - Gia Lai,2026-04-21 - Thứ 3,196,188,"100,00%","95,92%"
345,21090000 - Kho Giao Hàng Nặng - Buôn Ma Thuột - Đắk Lắk,2026-04-21 - Thứ 3,174,155,"99,43%","89,08%"
346,21089000 - Kho Giao Hàng Nặng - Liên Chiểu - Đà Nẵng,2026-04-21 - Thứ 3,241,218,"99,59%","90,46%"
347,21087000 - Kho Giao Hàng Nặng - Quy Nhơn - Bình Định,2026-04-21 - Thứ 3,167,144,"93,41%","86,23%"
348,21086000 - Kho Giao Hàng Nặng - Đông Thọ - Thanh Hoá,2026-04-21 - Thứ 3,94,86,"98,94%","91,49%"
349,22782000 - Kho Giao Hàng Nặng - Buôn Hồ - Đắk Lắk,2026-04-20 - Thứ 2,73,60,"95,89%","82,19%"
350,22168000 - Kho Giao Hàng Nặng - Hoài Nhơn - Bình Định,2026-04-20 - Thứ 2,49,38,"95,92%","77,55%"
351,22059000 - Kho Giao Hàng Nặng - Hoà Xuân - Đà Nẵng,2026-04-20 - Thứ 2,274,251,"99,64%","91,61%"
352,22057000 - Kho Giao Hàng Nặng - Tuy Phong - Bình Thuận,2026-04-20 - Thứ 2,80,73,"100,00%","91,25%"
353,22028000 - Kho Giao Hàng Nặng - La Gi - Bình Thuận,2026-04-20 - Thứ 2,104,92,"100,00%","88,46%"
354,21682000 - Kho Giao Hàng Nặng - Thạch Linh - Hà Tĩnh,2026-04-20 - Thứ 2,71,60,"100,00%","84,51%"
355,21525000 - Kho Giao Hàng Nặng - Gia Nghĩa - Đắk Nông,2026-04-20 - Thứ 2,33,29,"100,00%","87,88%"
356,21521000 - Kho Giao Hàng Nặng - Đông Hà - Quảng Trị,2026-04-20 - Thứ 2,50,44,"100,00%","88,00%"
357,21498000 - Kho Giao Hàng Nặng - Cam Ranh - Khánh Hoà,2026-04-20 - Thứ 2,61,58,"100,00%","95,08%"
358,21483000 - Kho Giao Hàng Nặng - Tam Kỳ - Quảng Nam,2026-04-20 - Thứ 2,74,74,"100,00%","100,00%"
359,21386000 - Kho Giao Hàng Nặng - Hội An - Quảng Nam,2026-04-20 - Thứ 2,135,121,"100,00%","89,63%"
360,21347000 - Kho Giao Hàng Nặng - Tuy Hoà - Phú Yên,2026-04-20 - Thứ 2,89,82,"100,00%","92,13%"
361,21285000 - Kho Giao Hàng Nặng - Phan Thiết - Bình Thuận,2026-04-20 - Thứ 2,180,134,"81,11%","74,44%"
362,21284000 - Kho Giao Hàng Nặng - Quảng Ngãi - Quảng Ngãi,2026-04-20 - Thứ 2,123,116,"100,00%","94,31%"
363,21283000 - Kho Giao Hàng Nặng - Đồng Hới - Quảng Bình,2026-04-20 - Thứ 2,85,78,"100,00%","91,76%"
364,21163000 - Kho Giao Hàng Nặng - Phan Rang - Ninh Thuận,2026-04-20 - Thứ 2,121,106,"100,00%","87,60%"
365,21162000 - Kho Giao Hàng Nặng - Thắng Lợi - Kon Tum,2026-04-20 - Thứ 2,90,82,"100,00%","91,11%"
366,21096000 - Kho Giao Hàng Nặng - Hương Thủy - Huế,2026-04-20 - Thứ 2,229,220,"100,00%","96,07%"
367,21095000 - Kho Giao Hàng Nặng - Vinh - Nghệ An,2026-04-20 - Thứ 2,273,236,"98,53%","86,45%"
368,21094000 - Kho Giao Hàng Nặng - Nha Trang - Khánh Hoà,2026-04-20 - Thứ 2,386,342,"99,74%","88,60%"
369,21091000 - Kho Giao Hàng Nặng - Pleiku - Gia Lai,2026-04-20 - Thứ 2,101,95,"100,00%","94,06%"
370,21090000 - Kho Giao Hàng Nặng - Buôn Ma Thuột - Đắk Lắk,2026-04-20 - Thứ 2,277,238,"99,64%","85,92%"
371,21089000 - Kho Giao Hàng Nặng - Liên Chiểu - Đà Nẵng,2026-04-20 - Thứ 2,294,255,"98,30%","86,73%"
372,21087000 - Kho Giao Hàng Nặng - Quy Nhơn - Bình Định,2026-04-20 - Thứ 2,206,197,"100,00%","95,63%"
373,21086000 - Kho Giao Hàng Nặng - Đông Thọ - Thanh Hoá,2026-04-20 - Thứ 2,187,172,"98,93%","91,98%"
374,22782000 - Kho Giao Hàng Nặng - Buôn Hồ - Đắk Lắk,2026-04-19 - Chủ Nhật,58,53,"94,83%","91,38%"
375,22168000 - Kho Giao Hàng Nặng - Hoài Nhơn - Bình Định,2026-04-19 - Chủ Nhật,80,68,"98,75%","85,00%"
376,22059000 - Kho Giao Hàng Nặng - Hoà Xuân - Đà Nẵng,2026-04-19 - Chủ Nhật,388,354,"100,00%","91,24%"
377,22057000 - Kho Giao Hàng Nặng - Tuy Phong - Bình Thuận,2026-04-19 - Chủ Nhật,104,96,"100,00%","92,31%"
378,22028000 - Kho Giao Hàng Nặng - La Gi - Bình Thuận,2026-04-19 - Chủ Nhật,79,75,"100,00%","94,94%"
379,21682000 - Kho Giao Hàng Nặng - Thạch Linh - Hà Tĩnh,2026-04-19 - Chủ Nhật,91,81,"100,00%","89,01%"
380,21525000 - Kho Giao Hàng Nặng - Gia Nghĩa - Đắk Nông,2026-04-19 - Chủ Nhật,62,44,"91,94%","70,97%"
381,21521000 - Kho Giao Hàng Nặng - Đông Hà - Quảng Trị,2026-04-19 - Chủ Nhật,64,60,"100,00%","93,75%"
382,21498000 - Kho Giao Hàng Nặng - Cam Ranh - Khánh Hoà,2026-04-19 - Chủ Nhật,112,101,"100,00%","90,18%"
383,21483000 - Kho Giao Hàng Nặng - Tam Kỳ - Quảng Nam,2026-04-19 - Chủ Nhật,100,94,"100,00%","94,00%"
384,21386000 - Kho Giao Hàng Nặng - Hội An - Quảng Nam,2026-04-19 - Chủ Nhật,167,149,"100,00%","89,22%"
385,21347000 - Kho Giao Hàng Nặng - Tuy Hoà - Phú Yên,2026-04-19 - Chủ Nhật,104,96,"100,00%","92,31%"
386,21285000 - Kho Giao Hàng Nặng - Phan Thiết - Bình Thuận,2026-04-19 - Chủ Nhật,197,130,"73,60%","65,99%"
387,21284000 - Kho Giao Hàng Nặng - Quảng Ngãi - Quảng Ngãi,2026-04-19 - Chủ Nhật,139,133,"100,00%","95,68%"
388,21283000 - Kho Giao Hàng Nặng - Đồng Hới - Quảng Bình,2026-04-19 - Chủ Nhật,70,63,"100,00%","90,00%"
389,21163000 - Kho Giao Hàng Nặng - Phan Rang - Ninh Thuận,2026-04-19 - Chủ Nhật,145,100,"83,45%","68,97%"
390,21162000 - Kho Giao Hàng Nặng - Thắng Lợi - Kon Tum,2026-04-19 - Chủ Nhật,56,51,"100,00%","91,07%"
391,21096000 - Kho Giao Hàng Nặng - Hương Thủy - Huế,2026-04-19 - Chủ Nhật,397,376,"100,00%","94,71%"
392,21095000 - Kho Giao Hàng Nặng - Vinh - Nghệ An,2026-04-19 - Chủ Nhật,326,258,"94,48%","79,14%"
393,21094000 - Kho Giao Hàng Nặng - Nha Trang - Khánh Hoà,2026-04-19 - Chủ Nhật,435,368,"99,77%","84,60%"
394,21091000 - Kho Giao Hàng Nặng - Pleiku - Gia Lai,2026-04-19 - Chủ Nhật,179,171,"99,44%","95,53%"
395,21090000 - Kho Giao Hàng Nặng - Buôn Ma Thuột - Đắk Lắk,2026-04-19 - Chủ Nhật,262,206,"100,00%","78,63%"
396,21089000 - Kho Giao Hàng Nặng - Liên Chiểu - Đà Nẵng,2026-04-19 - Chủ Nhật,499,421,"98,40%","84,37%"
397,21087000 - Kho Giao Hàng Nặng - Quy Nhơn - Bình Định,2026-04-19 - Chủ Nhật,220,207,"97,73%","94,09%"
398,21086000 - Kho Giao Hàng Nặng - Đông Thọ - Thanh Hoá,2026-04-19 - Chủ Nhật,254,218,"98,82%","85,83%"
399,22782000 - Kho Giao Hàng Nặng - Buôn Hồ - Đắk Lắk,2026-04-18 - Thứ 7,81,61,"88,89%","75,31%"
400,22168000 - Kho Giao Hàng Nặng - Hoài Nhơn - Bình Định,2026-04-18 - Thứ 7,68,59,"100,00%","86,76%"
401,22059000 - Kho Giao Hàng Nặng - Hoà Xuân - Đà Nẵng,2026-04-18 - Thứ 7,404,372,"99,50%","92,08%"
402,22057000 - Kho Giao Hàng Nặng - Tuy Phong - Bình Thuận,2026-04-18 - Thứ 7,125,105,"100,00%","84,00%"
403,22028000 - Kho Giao Hàng Nặng - La Gi - Bình Thuận,2026-04-18 - Thứ 7,109,103,"100,00%","94,50%"
404,21682000 - Kho Giao Hàng Nặng - Thạch Linh - Hà Tĩnh,2026-04-18 - Thứ 7,97,88,"100,00%","90,72%"
405,21525000 - Kho Giao Hàng Nặng - Gia Nghĩa - Đắk Nông,2026-04-18 - Thứ 7,66,53,"100,00%","80,30%"
406,21521000 - Kho Giao Hàng Nặng - Đông Hà - Quảng Trị,2026-04-18 - Thứ 7,90,81,"100,00%","90,00%"
407,21498000 - Kho Giao Hàng Nặng - Cam Ranh - Khánh Hoà,2026-04-18 - Thứ 7,85,76,"100,00%","89,41%"
408,21483000 - Kho Giao Hàng Nặng - Tam Kỳ - Quảng Nam,2026-04-18 - Thứ 7,150,135,"100,00%","90,00%"
409,21386000 - Kho Giao Hàng Nặng - Hội An - Quảng Nam,2026-04-18 - Thứ 7,194,185,"100,00%","95,36%"
410,21347000 - Kho Giao Hàng Nặng - Tuy Hoà - Phú Yên,2026-04-18 - Thứ 7,225,198,"100,00%","88,00%"
411,21285000 - Kho Giao Hàng Nặng - Phan Thiết - Bình Thuận,2026-04-18 - Thứ 7,231,157,"75,76%","67,97%"
412,21284000 - Kho Giao Hàng Nặng - Quảng Ngãi - Quảng Ngãi,2026-04-18 - Thứ 7,159,153,"100,00%","96,23%"
413,21283000 - Kho Giao Hàng Nặng - Đồng Hới - Quảng Bình,2026-04-18 - Thứ 7,112,102,"100,00%","91,07%"
414,21163000 - Kho Giao Hàng Nặng - Phan Rang - Ninh Thuận,2026-04-18 - Thứ 7,179,156,"100,00%","87,15%"
415,21162000 - Kho Giao Hàng Nặng - Thắng Lợi - Kon Tum,2026-04-18 - Thứ 7,99,87,"100,00%","87,88%"
416,21096000 - Kho Giao Hàng Nặng - Hương Thủy - Huế,2026-04-18 - Thứ 7,494,459,"100,00%","92,91%"
417,21095000 - Kho Giao Hàng Nặng - Vinh - Nghệ An,2026-04-18 - Thứ 7,186,153,"100,00%","82,26%"
418,21094000 - Kho Giao Hàng Nặng - Nha Trang - Khánh Hoà,2026-04-18 - Thứ 7,522,445,"98,28%","85,25%"
419,21091000 - Kho Giao Hàng Nặng - Pleiku - Gia Lai,2026-04-18 - Thứ 7,235,223,"100,00%","94,89%"
420,21090000 - Kho Giao Hàng Nặng - Buôn Ma Thuột - Đắk Lắk,2026-04-18 - Thứ 7,357,302,"99,16%","84,59%"
421,21089000 - Kho Giao Hàng Nặng - Liên Chiểu - Đà Nẵng,2026-04-18 - Thứ 7,439,383,"99,09%","87,24%"
422,21087000 - Kho Giao Hàng Nặng - Quy Nhơn - Bình Định,2026-04-18 - Thứ 7,294,264,"97,28%","89,80%"
423,21086000 - Kho Giao Hàng Nặng - Đông Thọ - Thanh Hoá,2026-04-18 - Thứ 7,296,272,"98,65%","91,89%"
424,22782000 - Kho Giao Hàng Nặng - Buôn Hồ - Đắk Lắk,2026-04-17 - Thứ 6,64,55,"92,19%","85,94%"
425,22168000 - Kho Giao Hàng Nặng - Hoài Nhơn - Bình Định,2026-04-17 - Thứ 6,50,44,"100,00%","88,00%"
426,22059000 - Kho Giao Hàng Nặng - Hoà Xuân - Đà Nẵng,2026-04-17 - Thứ 6,387,331,"99,74%","85,53%"
427,22057000 - Kho Giao Hàng Nặng - Tuy Phong - Bình Thuận,2026-04-17 - Thứ 6,109,91,"98,17%","83,49%"
428,22028000 - Kho Giao Hàng Nặng - La Gi - Bình Thuận,2026-04-17 - Thứ 6,109,101,"100,00%","92,66%"
429,21682000 - Kho Giao Hàng Nặng - Thạch Linh - Hà Tĩnh,2026-04-17 - Thứ 6,110,98,"100,00%","89,09%"
430,21525000 - Kho Giao Hàng Nặng - Gia Nghĩa - Đắk Nông,2026-04-17 - Thứ 6,52,43,"98,08%","82,69%"
431,21521000 - Kho Giao Hàng Nặng - Đông Hà - Quảng Trị,2026-04-17 - Thứ 6,40,40,"100,00%","100,00%"
432,21498000 - Kho Giao Hàng Nặng - Cam Ranh - Khánh Hoà,2026-04-17 - Thứ 6,174,158,"100,00%","90,80%"
433,21483000 - Kho Giao Hàng Nặng - Tam Kỳ - Quảng Nam,2026-04-17 - Thứ 6,103,100,"100,00%","97,09%"
434,21386000 - Kho Giao Hàng Nặng - Hội An - Quảng Nam,2026-04-17 - Thứ 6,162,152,"100,00%","93,83%"
435,21347000 - Kho Giao Hàng Nặng - Tuy Hoà - Phú Yên,2026-04-17 - Thứ 6,114,110,"100,00%","96,49%"
436,21285000 - Kho Giao Hàng Nặng - Phan Thiết - Bình Thuận,2026-04-17 - Thứ 6,312,207,"75,00%","66,35%"
437,21284000 - Kho Giao Hàng Nặng - Quảng Ngãi - Quảng Ngãi,2026-04-17 - Thứ 6,138,136,"100,00%","98,55%"
438,21283000 - Kho Giao Hàng Nặng - Đồng Hới - Quảng Bình,2026-04-17 - Thứ 6,99,86,"100,00%","86,87%"
439,21163000 - Kho Giao Hàng Nặng - Phan Rang - Ninh Thuận,2026-04-17 - Thứ 6,167,155,"100,00%","92,81%"
440,21162000 - Kho Giao Hàng Nặng - Thắng Lợi - Kon Tum,2026-04-17 - Thứ 6,116,108,"100,00%","93,10%"
441,21096000 - Kho Giao Hàng Nặng - Hương Thủy - Huế,2026-04-17 - Thứ 6,396,371,"100,00%","93,69%"
442,21095000 - Kho Giao Hàng Nặng - Vinh - Nghệ An,2026-04-17 - Thứ 6,248,200,"98,39%","80,65%"
443,21094000 - Kho Giao Hàng Nặng - Nha Trang - Khánh Hoà,2026-04-17 - Thứ 6,560,498,"99,46%","88,93%"
444,21091000 - Kho Giao Hàng Nặng - Pleiku - Gia Lai,2026-04-17 - Thứ 6,174,170,"100,00%","97,70%"
445,21090000 - Kho Giao Hàng Nặng - Buôn Ma Thuột - Đắk Lắk,2026-04-17 - Thứ 6,297,247,"100,00%","83,16%"
446,21089000 - Kho Giao Hàng Nặng - Liên Chiểu - Đà Nẵng,2026-04-17 - Thứ 6,444,374,"98,65%","84,23%"
447,21087000 - Kho Giao Hàng Nặng - Quy Nhơn - Bình Định,2026-04-17 - Thứ 6,268,238,"95,15%","88,81%"
448,21086000 - Kho Giao Hàng Nặng - Đông Thọ - Thanh Hoá,2026-04-17 - Thứ 6,202,177,"97,03%","87,62%"
449,22782000 - Kho Giao Hàng Nặng - Buôn Hồ - Đắk Lắk,2026-04-16 - Thứ 5,75,59,"89,33%","78,67%"
450,22168000 - Kho Giao Hàng Nặng - Hoài Nhơn - Bình Định,2026-04-16 - Thứ 5,64,55,"100,00%","85,94%"
451,22059000 - Kho Giao Hàng Nặng - Hoà Xuân - Đà Nẵng,2026-04-16 - Thứ 5,246,233,"100,00%","94,72%"
452,22057000 - Kho Giao Hàng Nặng - Tuy Phong - Bình Thuận,2026-04-16 - Thứ 5,76,71,"100,00%","93,42%"
453,22028000 - Kho Giao Hàng Nặng - La Gi - Bình Thuận,2026-04-16 - Thứ 5,50,45,"100,00%","90,00%"
454,21682000 - Kho Giao Hàng Nặng - Thạch Linh - Hà Tĩnh,2026-04-16 - Thứ 5,68,65,"100,00%","95,59%"
455,21525000 - Kho Giao Hàng Nặng - Gia Nghĩa - Đắk Nông,2026-04-16 - Thứ 5,59,54,"100,00%","91,53%"
456,21521000 - Kho Giao Hàng Nặng - Đông Hà - Quảng Trị,2026-04-16 - Thứ 5,43,40,"100,00%","93,02%"
457,21498000 - Kho Giao Hàng Nặng - Cam Ranh - Khánh Hoà,2026-04-16 - Thứ 5,65,55,"100,00%","84,62%"
458,21483000 - Kho Giao Hàng Nặng - Tam Kỳ - Quảng Nam,2026-04-16 - Thứ 5,91,87,"100,00%","95,60%"
459,21386000 - Kho Giao Hàng Nặng - Hội An - Quảng Nam,2026-04-16 - Thứ 5,173,156,"100,00%","90,17%"
460,21347000 - Kho Giao Hàng Nặng - Tuy Hoà - Phú Yên,2026-04-16 - Thứ 5,121,113,"100,00%","93,39%"
461,21285000 - Kho Giao Hàng Nặng - Phan Thiết - Bình Thuận,2026-04-16 - Thứ 5,189,153,"88,36%","80,95%"
462,21284000 - Kho Giao Hàng Nặng - Quảng Ngãi - Quảng Ngãi,2026-04-16 - Thứ 5,129,123,"100,00%","95,35%"
463,21283000 - Kho Giao Hàng Nặng - Đồng Hới - Quảng Bình,2026-04-16 - Thứ 5,127,109,"100,00%","85,83%"
464,21163000 - Kho Giao Hàng Nặng - Phan Rang - Ninh Thuận,2026-04-16 - Thứ 5,148,135,"100,00%","91,22%"
465,21162000 - Kho Giao Hàng Nặng - Thắng Lợi - Kon Tum,2026-04-16 - Thứ 5,82,71,"100,00%","86,59%"
466,21096000 - Kho Giao Hàng Nặng - Hương Thủy - Huế,2026-04-16 - Thứ 5,310,295,"100,00%","95,16%"
467,21095000 - Kho Giao Hàng Nặng - Vinh - Nghệ An,2026-04-16 - Thứ 5,176,151,"98,30%","85,80%"
468,21094000 - Kho Giao Hàng Nặng - Nha Trang - Khánh Hoà,2026-04-16 - Thứ 5,621,570,"99,52%","91,79%"
469,21091000 - Kho Giao Hàng Nặng - Pleiku - Gia Lai,2026-04-16 - Thứ 5,179,170,"99,44%","94,97%"
470,21090000 - Kho Giao Hàng Nặng - Buôn Ma Thuột - Đắk Lắk,2026-04-16 - Thứ 5,403,364,"98,76%","90,32%"
471,21089000 - Kho Giao Hàng Nặng - Liên Chiểu - Đà Nẵng,2026-04-16 - Thứ 5,487,446,"99,38%","91,58%"
472,21087000 - Kho Giao Hàng Nặng - Quy Nhơn - Bình Định,2026-04-16 - Thứ 5,247,233,"99,60%","94,33%"
473,21086000 - Kho Giao Hàng Nặng - Đông Thọ - Thanh Hoá,2026-04-16 - Thứ 5,123,100,"99,19%","81,30%"
474,22782000 - Kho Giao Hàng Nặng - Buôn Hồ - Đắk Lắk,2026-04-15 - Thứ 4,30,19,"76,67%","63,33%"
475,22168000 - Kho Giao Hàng Nặng - Hoài Nhơn - Bình Định,2026-04-15 - Thứ 4,34,30,"100,00%","88,24%"
476,22059000 - Kho Giao Hàng Nặng - Hoà Xuân - Đà Nẵng,2026-04-15 - Thứ 4,162,149,"100,00%","91,98%"
477,22057000 - Kho Giao Hàng Nặng - Tuy Phong - Bình Thuận,2026-04-15 - Thứ 4,71,56,"97,18%","78,87%"
478,22028000 - Kho Giao Hàng Nặng - La Gi - Bình Thuận,2026-04-15 - Thứ 4,93,87,"100,00%","93,55%"
479,21682000 - Kho Giao Hàng Nặng - Thạch Linh - Hà Tĩnh,2026-04-15 - Thứ 4,81,71,"100,00%","87,65%"
480,21525000 - Kho Giao Hàng Nặng - Gia Nghĩa - Đắk Nông,2026-04-15 - Thứ 4,47,21,"53,19%","44,68%"
481,21521000 - Kho Giao Hàng Nặng - Đông Hà - Quảng Trị,2026-04-15 - Thứ 4,51,47,"100,00%","92,16%"
482,21498000 - Kho Giao Hàng Nặng - Cam Ranh - Khánh Hoà,2026-04-15 - Thứ 4,55,50,"100,00%","90,91%"
483,21483000 - Kho Giao Hàng Nặng - Tam Kỳ - Quảng Nam,2026-04-15 - Thứ 4,88,81,"100,00%","92,05%"
484,21386000 - Kho Giao Hàng Nặng - Hội An - Quảng Nam,2026-04-15 - Thứ 4,117,107,"100,00%","91,45%"
485,21347000 - Kho Giao Hàng Nặng - Tuy Hoà - Phú Yên,2026-04-15 - Thứ 4,113,105,"100,00%","92,92%"
486,21285000 - Kho Giao Hàng Nặng - Phan Thiết - Bình Thuận,2026-04-15 - Thứ 4,155,121,"92,90%","78,06%"
487,21284000 - Kho Giao Hàng Nặng - Quảng Ngãi - Quảng Ngãi,2026-04-15 - Thứ 4,59,57,"98,31%","96,61%"
488,21283000 - Kho Giao Hàng Nặng - Đồng Hới - Quảng Bình,2026-04-15 - Thứ 4,52,48,"100,00%","92,31%"
489,21163000 - Kho Giao Hàng Nặng - Phan Rang - Ninh Thuận,2026-04-15 - Thứ 4,86,80,"100,00%","93,02%"
490,21162000 - Kho Giao Hàng Nặng - Thắng Lợi - Kon Tum,2026-04-15 - Thứ 4,63,57,"100,00%","90,48%"
491,21096000 - Kho Giao Hàng Nặng - Hương Thủy - Huế,2026-04-15 - Thứ 4,138,136,"100,00%","98,55%"
492,21095000 - Kho Giao Hàng Nặng - Vinh - Nghệ An,2026-04-15 - Thứ 4,298,216,"90,94%","72,48%"
493,21094000 - Kho Giao Hàng Nặng - Nha Trang - Khánh Hoà,2026-04-15 - Thứ 4,219,183,"96,35%","83,56%"
494,21091000 - Kho Giao Hàng Nặng - Pleiku - Gia Lai,2026-04-15 - Thứ 4,105,99,"100,00%","94,29%"
495,21090000 - Kho Giao Hàng Nặng - Buôn Ma Thuột - Đắk Lắk,2026-04-15 - Thứ 4,115,101,"99,13%","87,83%"
496,21089000 - Kho Giao Hàng Nặng - Liên Chiểu - Đà Nẵng,2026-04-15 - Thứ 4,484,440,"99,79%","90,91%"
497,21087000 - Kho Giao Hàng Nặng - Quy Nhơn - Bình Định,2026-04-15 - Thứ 4,180,168,"98,89%","93,33%"
498,21086000 - Kho Giao Hàng Nặng - Đông Thọ - Thanh Hoá,2026-04-15 - Thứ 4,242,211,"96,69%","87,19%"
499,22782000 - Kho Giao Hàng Nặng - Buôn Hồ - Đắk Lắk,2026-04-14 - Thứ 3,59,50,"91,53%","84,75%"
500,22168000 - Kho Giao Hàng Nặng - Hoài Nhơn - Bình Định,2026-04-14 - Thứ 3,49,40,"95,92%","81,63%"
501,22059000 - Kho Giao Hàng Nặng - Hoà Xuân - Đà Nẵng,2026-04-14 - Thứ 3,300,274,"100,00%","91,33%"
502,22057000 - Kho Giao Hàng Nặng - Tuy Phong - Bình Thuận,2026-04-14 - Thứ 3,82,69,"100,00%","84,15%"
503,22028000 - Kho Giao Hàng Nặng - La Gi - Bình Thuận,2026-04-14 - Thứ 3,65,61,"100,00%","93,85%"
504,21682000 - Kho Giao Hàng Nặng - Thạch Linh - Hà Tĩnh,2026-04-14 - Thứ 3,93,79,"100,00%","84,95%"
505,21525000 - Kho Giao Hàng Nặng - Gia Nghĩa - Đắk Nông,2026-04-14 - Thứ 3,60,50,"98,33%","83,33%"
506,21521000 - Kho Giao Hàng Nặng - Đông Hà - Quảng Trị,2026-04-14 - Thứ 3,49,48,"100,00%","97,96%"
507,21498000 - Kho Giao Hàng Nặng - Cam Ranh - Khánh Hoà,2026-04-14 - Thứ 3,94,86,"100,00%","91,49%"
508,21483000 - Kho Giao Hàng Nặng - Tam Kỳ - Quảng Nam,2026-04-14 - Thứ 3,96,89,"100,00%","92,71%"
509,21386000 - Kho Giao Hàng Nặng - Hội An - Quảng Nam,2026-04-14 - Thứ 3,179,158,"97,77%","88,27%"
510,21347000 - Kho Giao Hàng Nặng - Tuy Hoà - Phú Yên,2026-04-14 - Thứ 3,129,123,"100,00%","95,35%"
511,21285000 - Kho Giao Hàng Nặng - Phan Thiết - Bình Thuận,2026-04-14 - Thứ 3,160,140,"98,75%","87,50%"
512,21284000 - Kho Giao Hàng Nặng - Quảng Ngãi - Quảng Ngãi,2026-04-14 - Thứ 3,143,136,"100,00%","95,10%"
513,21283000 - Kho Giao Hàng Nặng - Đồng Hới - Quảng Bình,2026-04-14 - Thứ 3,83,77,"100,00%","92,77%"
514,21163000 - Kho Giao Hàng Nặng - Phan Rang - Ninh Thuận,2026-04-14 - Thứ 3,118,107,"100,00%","90,68%"
515,21162000 - Kho Giao Hàng Nặng - Thắng Lợi - Kon Tum,2026-04-14 - Thứ 3,60,47,"81,67%","78,33%"
516,21096000 - Kho Giao Hàng Nặng - Hương Thủy - Huế,2026-04-14 - Thứ 3,418,393,"98,09%","94,02%"
517,21095000 - Kho Giao Hàng Nặng - Vinh - Nghệ An,2026-04-14 - Thứ 3,270,213,"91,48%","78,89%"
518,21094000 - Kho Giao Hàng Nặng - Nha Trang - Khánh Hoà,2026-04-14 - Thứ 3,371,325,"98,65%","87,60%"
519,21091000 - Kho Giao Hàng Nặng - Pleiku - Gia Lai,2026-04-14 - Thứ 3,187,180,"99,47%","96,26%"
520,21090000 - Kho Giao Hàng Nặng - Buôn Ma Thuột - Đắk Lắk,2026-04-14 - Thứ 3,224,209,"99,55%","93,30%"
521,21089000 - Kho Giao Hàng Nặng - Liên Chiểu - Đà Nẵng,2026-04-14 - Thứ 3,359,347,"100,00%","96,66%"
522,21087000 - Kho Giao Hàng Nặng - Quy Nhơn - Bình Định,2026-04-14 - Thứ 3,203,194,"100,00%","95,57%"
523,21086000 - Kho Giao Hàng Nặng - Đông Thọ - Thanh Hoá,2026-04-14 - Thứ 3,377,332,"95,23%","88,06%"
524,22782000 - Kho Giao Hàng Nặng - Buôn Hồ - Đắk Lắk,2026-04-13 - Thứ 2,75,65,"92,00%","86,67%"
525,22168000 - Kho Giao Hàng Nặng - Hoài Nhơn - Bình Định,2026-04-13 - Thứ 2,59,49,"100,00%","83,05%"
526,22059000 - Kho Giao Hàng Nặng - Hoà Xuân - Đà Nẵng,2026-04-13 - Thứ 2,302,273,"100,00%","90,40%"
527,22057000 - Kho Giao Hàng Nặng - Tuy Phong - Bình Thuận,2026-04-13 - Thứ 2,112,95,"97,32%","84,82%"
528,22028000 - Kho Giao Hàng Nặng - La Gi - Bình Thuận,2026-04-13 - Thứ 2,88,86,"100,00%","97,73%"
529,21682000 - Kho Giao Hàng Nặng - Thạch Linh - Hà Tĩnh,2026-04-13 - Thứ 2,74,52,"83,78%","70,27%"
530,21525000 - Kho Giao Hàng Nặng - Gia Nghĩa - Đắk Nông,2026-04-13 - Thứ 2,49,38,"97,96%","77,55%"
531,21521000 - Kho Giao Hàng Nặng - Đông Hà - Quảng Trị,2026-04-13 - Thứ 2,76,75,"100,00%","98,68%"
532,21498000 - Kho Giao Hàng Nặng - Cam Ranh - Khánh Hoà,2026-04-13 - Thứ 2,132,110,"100,00%","83,33%"
533,21483000 - Kho Giao Hàng Nặng - Tam Kỳ - Quảng Nam,2026-04-13 - Thứ 2,108,98,"100,00%","90,74%"
534,21386000 - Kho Giao Hàng Nặng - Hội An - Quảng Nam,2026-04-13 - Thứ 2,121,111,"99,17%","91,74%"
535,21347000 - Kho Giao Hàng Nặng - Tuy Hoà - Phú Yên,2026-04-13 - Thứ 2,140,125,"100,00%","89,29%"
536,21285000 - Kho Giao Hàng Nặng - Phan Thiết - Bình Thuận,2026-04-13 - Thứ 2,183,155,"99,45%","84,70%"
537,21284000 - Kho Giao Hàng Nặng - Quảng Ngãi - Quảng Ngãi,2026-04-13 - Thứ 2,111,107,"100,00%","96,40%"
538,21283000 - Kho Giao Hàng Nặng - Đồng Hới - Quảng Bình,2026-04-13 - Thứ 2,117,110,"100,00%","94,02%"
539,21163000 - Kho Giao Hàng Nặng - Phan Rang - Ninh Thuận,2026-04-13 - Thứ 2,167,154,"100,00%","92,22%"
540,21162000 - Kho Giao Hàng Nặng - Thắng Lợi - Kon Tum,2026-04-13 - Thứ 2,88,76,"97,73%","86,36%"
541,21096000 - Kho Giao Hàng Nặng - Hương Thủy - Huế,2026-04-13 - Thứ 2,444,414,"97,75%","93,24%"
542,21095000 - Kho Giao Hàng Nặng - Vinh - Nghệ An,2026-04-13 - Thứ 2,280,226,"98,57%","80,71%"
543,21094000 - Kho Giao Hàng Nặng - Nha Trang - Khánh Hoà,2026-04-13 - Thứ 2,518,446,"98,65%","86,10%"
544,21091000 - Kho Giao Hàng Nặng - Pleiku - Gia Lai,2026-04-13 - Thứ 2,231,217,"99,57%","93,94%"
545,21090000 - Kho Giao Hàng Nặng - Buôn Ma Thuột - Đắk Lắk,2026-04-13 - Thứ 2,302,280,"100,00%","92,72%"
546,21089000 - Kho Giao Hàng Nặng - Liên Chiểu - Đà Nẵng,2026-04-13 - Thứ 2,260,248,"100,00%","95,38%"
547,21087000 - Kho Giao Hàng Nặng - Quy Nhơn - Bình Định,2026-04-13 - Thứ 2,270,253,"100,00%","93,70%"
548,21086000 - Kho Giao Hàng Nặng - Đông Thọ - Thanh Hoá,2026-04-13 - Thứ 2,203,173,"91,13%","85,22%"
549,22782000 - Kho Giao Hàng Nặng - Buôn Hồ - Đắk Lắk,2026-04-12 - Chủ Nhật,69,52,"81,16%","75,36%"
550,22168000 - Kho Giao Hàng Nặng - Hoài Nhơn - Bình Định,2026-04-12 - Chủ Nhật,44,38,"100,00%","86,36%"
551,22059000 - Kho Giao Hàng Nặng - Hoà Xuân - Đà Nẵng,2026-04-12 - Chủ Nhật,327,289,"100,00%","88,38%"
552,22057000 - Kho Giao Hàng Nặng - Tuy Phong - Bình Thuận,2026-04-12 - Chủ Nhật,103,77,"97,09%","74,76%"
553,22028000 - Kho Giao Hàng Nặng - La Gi - Bình Thuận,2026-04-12 - Chủ Nhật,113,99,"100,00%","87,61%"
554,21682000 - Kho Giao Hàng Nặng - Thạch Linh - Hà Tĩnh,2026-04-12 - Chủ Nhật,125,85,"91,20%","68,00%"
555,21525000 - Kho Giao Hàng Nặng - Gia Nghĩa - Đắk Nông,2026-04-12 - Chủ Nhật,46,33,"95,65%","71,74%"
556,21521000 - Kho Giao Hàng Nặng - Đông Hà - Quảng Trị,2026-04-12 - Chủ Nhật,61,58,"100,00%","95,08%"
557,21498000 - Kho Giao Hàng Nặng - Cam Ranh - Khánh Hoà,2026-04-12 - Chủ Nhật,113,96,"100,00%","84,96%"
558,21483000 - Kho Giao Hàng Nặng - Tam Kỳ - Quảng Nam,2026-04-12 - Chủ Nhật,100,89,"100,00%","89,00%"
559,21386000 - Kho Giao Hàng Nặng - Hội An - Quảng Nam,2026-04-12 - Chủ Nhật,204,184,"100,00%","90,20%"
560,21347000 - Kho Giao Hàng Nặng - Tuy Hoà - Phú Yên,2026-04-12 - Chủ Nhật,69,62,"100,00%","89,86%"
561,21285000 - Kho Giao Hàng Nặng - Phan Thiết - Bình Thuận,2026-04-12 - Chủ Nhật,244,219,"100,00%","89,75%"
562,21284000 - Kho Giao Hàng Nặng - Quảng Ngãi - Quảng Ngãi,2026-04-12 - Chủ Nhật,110,95,"100,00%","86,36%"
563,21283000 - Kho Giao Hàng Nặng - Đồng Hới - Quảng Bình,2026-04-12 - Chủ Nhật,81,71,"100,00%","87,65%"
564,21163000 - Kho Giao Hàng Nặng - Phan Rang - Ninh Thuận,2026-04-12 - Chủ Nhật,136,121,"100,00%","88,97%"
565,21162000 - Kho Giao Hàng Nặng - Thắng Lợi - Kon Tum,2026-04-12 - Chủ Nhật,59,54,"100,00%","91,53%"
566,21096000 - Kho Giao Hàng Nặng - Hương Thủy - Huế,2026-04-12 - Chủ Nhật,284,275,"100,00%","96,83%"
567,21095000 - Kho Giao Hàng Nặng - Vinh - Nghệ An,2026-04-12 - Chủ Nhật,267,208,"98,50%","77,90%"
568,21094000 - Kho Giao Hàng Nặng - Nha Trang - Khánh Hoà,2026-04-12 - Chủ Nhật,705,598,"99,57%","84,82%"
569,21091000 - Kho Giao Hàng Nặng - Pleiku - Gia Lai,2026-04-12 - Chủ Nhật,95,90,"98,95%","94,74%"
570,21090000 - Kho Giao Hàng Nặng - Buôn Ma Thuột - Đắk Lắk,2026-04-12 - Chủ Nhật,276,249,"100,00%","90,22%"
571,21089000 - Kho Giao Hàng Nặng - Liên Chiểu - Đà Nẵng,2026-04-12 - Chủ Nhật,373,311,"99,73%","83,38%"
572,21087000 - Kho Giao Hàng Nặng - Quy Nhơn - Bình Định,2026-04-12 - Chủ Nhật,266,251,"100,00%","94,36%"
573,21086000 - Kho Giao Hàng Nặng - Đông Thọ - Thanh Hoá,2026-04-12 - Chủ Nhật,339,269,"87,32%","79,35%"
574,22782000 - Kho Giao Hàng Nặng - Buôn Hồ - Đắk Lắk,2026-04-11 - Thứ 7,69,60,"92,75%","86,96%"
575,22168000 - Kho Giao Hàng Nặng - Hoài Nhơn - Bình Định,2026-04-11 - Thứ 7,55,48,"100,00%","87,27%"
576,22059000 - Kho Giao Hàng Nặng - Hoà Xuân - Đà Nẵng,2026-04-11 - Thứ 7,353,308,"98,58%","87,25%"
577,22057000 - Kho Giao Hàng Nặng - Tuy Phong - Bình Thuận,2026-04-11 - Thứ 7,96,83,"98,96%","86,46%"
578,22028000 - Kho Giao Hàng Nặng - La Gi - Bình Thuận,2026-04-11 - Thứ 7,82,78,"100,00%","95,12%"
579,21682000 - Kho Giao Hàng Nặng - Thạch Linh - Hà Tĩnh,2026-04-11 - Thứ 7,49,37,"100,00%","75,51%"
580,21525000 - Kho Giao Hàng Nặng - Gia Nghĩa - Đắk Nông,2026-04-11 - Thứ 7,53,44,"100,00%","83,02%"
581,21521000 - Kho Giao Hàng Nặng - Đông Hà - Quảng Trị,2026-04-11 - Thứ 7,73,70,"100,00%","95,89%"
582,21498000 - Kho Giao Hàng Nặng - Cam Ranh - Khánh Hoà,2026-04-11 - Thứ 7,140,123,"100,00%","87,86%"
583,21483000 - Kho Giao Hàng Nặng - Tam Kỳ - Quảng Nam,2026-04-11 - Thứ 7,126,116,"100,00%","92,06%"
584,21386000 - Kho Giao Hàng Nặng - Hội An - Quảng Nam,2026-04-11 - Thứ 7,135,123,"100,00%","91,11%"
585,21347000 - Kho Giao Hàng Nặng - Tuy Hoà - Phú Yên,2026-04-11 - Thứ 7,120,107,"100,00%","89,17%"
586,21285000 - Kho Giao Hàng Nặng - Phan Thiết - Bình Thuận,2026-04-11 - Thứ 7,157,139,"100,00%","88,54%"
587,21284000 - Kho Giao Hàng Nặng - Quảng Ngãi - Quảng Ngãi,2026-04-11 - Thứ 7,97,94,"100,00%","96,91%"
588,21283000 - Kho Giao Hàng Nặng - Đồng Hới - Quảng Bình,2026-04-11 - Thứ 7,82,70,"100,00%","85,37%"
589,21163000 - Kho Giao Hàng Nặng - Phan Rang - Ninh Thuận,2026-04-11 - Thứ 7,126,116,"100,00%","92,06%"
590,21162000 - Kho Giao Hàng Nặng - Thắng Lợi - Kon Tum,2026-04-11 - Thứ 7,61,45,"83,61%","73,77%"
591,21096000 - Kho Giao Hàng Nặng - Hương Thủy - Huế,2026-04-11 - Thứ 7,285,275,"100,00%","96,49%"
592,21095000 - Kho Giao Hàng Nặng - Vinh - Nghệ An,2026-04-11 - Thứ 7,249,197,"98,80%","79,12%"
593,21094000 - Kho Giao Hàng Nặng - Nha Trang - Khánh Hoà,2026-04-11 - Thứ 7,500,432,"99,60%","86,40%"
594,21091000 - Kho Giao Hàng Nặng - Pleiku - Gia Lai,2026-04-11 - Thứ 7,189,184,"99,47%","97,35%"
595,21090000 - Kho Giao Hàng Nặng - Buôn Ma Thuột - Đắk Lắk,2026-04-11 - Thứ 7,235,223,"100,00%","94,89%"
596,21089000 - Kho Giao Hàng Nặng - Liên Chiểu - Đà Nẵng,2026-04-11 - Thứ 7,555,450,"97,30%","81,08%"
597,21087000 - Kho Giao Hàng Nặng - Quy Nhơn - Bình Định,2026-04-11 - Thứ 7,216,200,"100,00%","92,59%"
598,21086000 - Kho Giao Hàng Nặng - Đông Thọ - Thanh Hoá,2026-04-11 - Thứ 7,267,237,"97,75%","88,76%"
599,22782000 - Kho Giao Hàng Nặng - Buôn Hồ - Đắk Lắk,2026-04-10 - Thứ 6,61,45,"90,16%","73,77%"
600,22168000 - Kho Giao Hàng Nặng - Hoài Nhơn - Bình Định,2026-04-10 - Thứ 6,74,64,"98,65%","86,49%"
601,22059000 - Kho Giao Hàng Nặng - Hoà Xuân - Đà Nẵng,2026-04-10 - Thứ 6,386,334,"98,45%","86,53%"
602,22057000 - Kho Giao Hàng Nặng - Tuy Phong - Bình Thuận,2026-04-10 - Thứ 6,73,62,"98,63%","84,93%"
603,22028000 - Kho Giao Hàng Nặng - La Gi - Bình Thuận,2026-04-10 - Thứ 6,74,70,"100,00%","94,59%"
604,21682000 - Kho Giao Hàng Nặng - Thạch Linh - Hà Tĩnh,2026-04-10 - Thứ 6,97,70,"100,00%","72,16%"
605,21525000 - Kho Giao Hàng Nặng - Gia Nghĩa - Đắk Nông,2026-04-10 - Thứ 6,56,51,"100,00%","91,07%"
606,21521000 - Kho Giao Hàng Nặng - Đông Hà - Quảng Trị,2026-04-10 - Thứ 6,71,70,"100,00%","98,59%"
607,21498000 - Kho Giao Hàng Nặng - Cam Ranh - Khánh Hoà,2026-04-10 - Thứ 6,101,83,"100,00%","82,18%"
608,21483000 - Kho Giao Hàng Nặng - Tam Kỳ - Quảng Nam,2026-04-10 - Thứ 6,93,89,"100,00%","95,70%"
609,21386000 - Kho Giao Hàng Nặng - Hội An - Quảng Nam,2026-04-10 - Thứ 6,192,167,"98,96%","86,98%"
610,21347000 - Kho Giao Hàng Nặng - Tuy Hoà - Phú Yên,2026-04-10 - Thứ 6,147,133,"100,00%","90,48%"
611,21285000 - Kho Giao Hàng Nặng - Phan Thiết - Bình Thuận,2026-04-10 - Thứ 6,196,175,"100,00%","89,29%"
612,21284000 - Kho Giao Hàng Nặng - Quảng Ngãi - Quảng Ngãi,2026-04-10 - Thứ 6,115,106,"100,00%","92,17%"
613,21283000 - Kho Giao Hàng Nặng - Đồng Hới - Quảng Bình,2026-04-10 - Thứ 6,148,130,"100,00%","87,84%"
614,21163000 - Kho Giao Hàng Nặng - Phan Rang - Ninh Thuận,2026-04-10 - Thứ 6,146,129,"100,00%","88,36%"
615,21162000 - Kho Giao Hàng Nặng - Thắng Lợi - Kon Tum,2026-04-10 - Thứ 6,63,56,"100,00%","88,89%"
616,21096000 - Kho Giao Hàng Nặng - Hương Thủy - Huế,2026-04-10 - Thứ 6,289,268,"100,00%","92,73%"
617,21095000 - Kho Giao Hàng Nặng - Vinh - Nghệ An,2026-04-10 - Thứ 6,289,235,"95,16%","81,31%"
618,21094000 - Kho Giao Hàng Nặng - Nha Trang - Khánh Hoà,2026-04-10 - Thứ 6,587,518,"99,15%","88,25%"
619,21091000 - Kho Giao Hàng Nặng - Pleiku - Gia Lai,2026-04-10 - Thứ 6,213,207,"100,00%","97,18%"
620,21090000 - Kho Giao Hàng Nặng - Buôn Ma Thuột - Đắk Lắk,2026-04-10 - Thứ 6,299,271,"100,00%","90,64%"
621,21089000 - Kho Giao Hàng Nặng - Liên Chiểu - Đà Nẵng,2026-04-10 - Thứ 6,406,365,"99,26%","89,90%"
622,21087000 - Kho Giao Hàng Nặng - Quy Nhơn - Bình Định,2026-04-10 - Thứ 6,220,203,"100,00%","92,27%"
623,21086000 - Kho Giao Hàng Nặng - Đông Thọ - Thanh Hoá,2026-04-10 - Thứ 6,320,278,"93,75%","86,88%"
624,22782000 - Kho Giao Hàng Nặng - Buôn Hồ - Đắk Lắk,2026-04-09 - Thứ 5,83,63,"86,75%","75,90%"
625,22168000 - Kho Giao Hàng Nặng - Hoài Nhơn - Bình Định,2026-04-09 - Thứ 5,81,72,"100,00%","88,89%"
626,22059000 - Kho Giao Hàng Nặng - Hoà Xuân - Đà Nẵng,2026-04-09 - Thứ 5,298,269,"98,99%","90,27%"
627,22057000 - Kho Giao Hàng Nặng - Tuy Phong - Bình Thuận,2026-04-09 - Thứ 5,106,95,"100,00%","89,62%"
628,22028000 - Kho Giao Hàng Nặng - La Gi - Bình Thuận,2026-04-09 - Thứ 5,94,86,"100,00%","91,49%"
629,21682000 - Kho Giao Hàng Nặng - Thạch Linh - Hà Tĩnh,2026-04-09 - Thứ 5,78,54,"98,72%","69,23%"
630,21525000 - Kho Giao Hàng Nặng - Gia Nghĩa - Đắk Nông,2026-04-09 - Thứ 5,59,50,"96,61%","84,75%"
631,21521000 - Kho Giao Hàng Nặng - Đông Hà - Quảng Trị,2026-04-09 - Thứ 5,84,79,"100,00%","94,05%"
632,21498000 - Kho Giao Hàng Nặng - Cam Ranh - Khánh Hoà,2026-04-09 - Thứ 5,158,136,"100,00%","86,08%"
633,21483000 - Kho Giao Hàng Nặng - Tam Kỳ - Quảng Nam,2026-04-09 - Thứ 5,134,127,"100,00%","94,78%"
634,21386000 - Kho Giao Hàng Nặng - Hội An - Quảng Nam,2026-04-09 - Thứ 5,235,218,"100,00%","92,77%"
635,21347000 - Kho Giao Hàng Nặng - Tuy Hoà - Phú Yên,2026-04-09 - Thứ 5,123,115,"100,00%","93,50%"
636,21285000 - Kho Giao Hàng Nặng - Phan Thiết - Bình Thuận,2026-04-09 - Thứ 5,214,188,"100,00%","87,85%"
637,21284000 - Kho Giao Hàng Nặng - Quảng Ngãi - Quảng Ngãi,2026-04-09 - Thứ 5,187,177,"100,00%","94,65%"
638,21283000 - Kho Giao Hàng Nặng - Đồng Hới - Quảng Bình,2026-04-09 - Thứ 5,143,132,"100,00%","92,31%"
639,21163000 - Kho Giao Hàng Nặng - Phan Rang - Ninh Thuận,2026-04-09 - Thứ 5,209,179,"100,00%","85,65%"
640,21162000 - Kho Giao Hàng Nặng - Thắng Lợi - Kon Tum,2026-04-09 - Thứ 5,120,106,"100,00%","88,33%"
641,21096000 - Kho Giao Hàng Nặng - Hương Thủy - Huế,2026-04-09 - Thứ 5,426,410,"100,00%","96,24%"
642,21095000 - Kho Giao Hàng Nặng - Vinh - Nghệ An,2026-04-09 - Thứ 5,255,207,"96,47%","81,18%"
643,21094000 - Kho Giao Hàng Nặng - Nha Trang - Khánh Hoà,2026-04-09 - Thứ 5,573,512,"99,30%","89,35%"
644,21091000 - Kho Giao Hàng Nặng - Pleiku - Gia Lai,2026-04-09 - Thứ 5,213,206,"100,00%","96,71%"
645,21090000 - Kho Giao Hàng Nặng - Buôn Ma Thuột - Đắk Lắk,2026-04-09 - Thứ 5,300,250,"98,67%","83,33%"
646,21089000 - Kho Giao Hàng Nặng - Liên Chiểu - Đà Nẵng,2026-04-09 - Thứ 5,736,649,"98,91%","88,18%"
647,21087000 - Kho Giao Hàng Nặng - Quy Nhơn - Bình Định,2026-04-09 - Thứ 5,324,305,"100,00%","94,14%"
648,21086000 - Kho Giao Hàng Nặng - Đông Thọ - Thanh Hoá,2026-04-09 - Thứ 5,329,286,"94,83%","86,93%"
649,22782000 - Kho Giao Hàng Nặng - Buôn Hồ - Đắk Lắk,2026-04-08 - Thứ 4,55,46,"92,73%","83,64%"
650,22168000 - Kho Giao Hàng Nặng - Hoài Nhơn - Bình Định,2026-04-08 - Thứ 4,74,65,"100,00%","87,84%"
651,22059000 - Kho Giao Hàng Nặng - Hoà Xuân - Đà Nẵng,2026-04-08 - Thứ 4,299,266,"99,33%","88,96%"
652,22057000 - Kho Giao Hàng Nặng - Tuy Phong - Bình Thuận,2026-04-08 - Thứ 4,152,134,"100,00%","88,16%"
653,22028000 - Kho Giao Hàng Nặng - La Gi - Bình Thuận,2026-04-08 - Thứ 4,114,110,"100,00%","96,49%"
654,21682000 - Kho Giao Hàng Nặng - Thạch Linh - Hà Tĩnh,2026-04-08 - Thứ 4,166,142,"100,00%","85,54%"
655,21525000 - Kho Giao Hàng Nặng - Gia Nghĩa - Đắk Nông,2026-04-08 - Thứ 4,61,49,"93,44%","80,33%"
656,21521000 - Kho Giao Hàng Nặng - Đông Hà - Quảng Trị,2026-04-08 - Thứ 4,97,93,"100,00%","95,88%"
657,21498000 - Kho Giao Hàng Nặng - Cam Ranh - Khánh Hoà,2026-04-08 - Thứ 4,136,126,"100,00%","92,65%"
658,21483000 - Kho Giao Hàng Nặng - Tam Kỳ - Quảng Nam,2026-04-08 - Thứ 4,148,141,"100,00%","95,27%"
659,21386000 - Kho Giao Hàng Nặng - Hội An - Quảng Nam,2026-04-08 - Thứ 4,157,152,"100,00%","96,82%"
660,21347000 - Kho Giao Hàng Nặng - Tuy Hoà - Phú Yên,2026-04-08 - Thứ 4,206,175,"100,00%","84,95%"
661,21285000 - Kho Giao Hàng Nặng - Phan Thiết - Bình Thuận,2026-04-08 - Thứ 4,133,122,"100,00%","91,73%"
662,21284000 - Kho Giao Hàng Nặng - Quảng Ngãi - Quảng Ngãi,2026-04-08 - Thứ 4,126,124,"100,00%","98,41%"
663,21283000 - Kho Giao Hàng Nặng - Đồng Hới - Quảng Bình,2026-04-08 - Thứ 4,114,96,"100,00%","84,21%"
664,21163000 - Kho Giao Hàng Nặng - Phan Rang - Ninh Thuận,2026-04-08 - Thứ 4,251,238,"100,00%","94,82%"
665,21162000 - Kho Giao Hàng Nặng - Thắng Lợi - Kon Tum,2026-04-08 - Thứ 4,104,97,"100,00%","93,27%"
666,21096000 - Kho Giao Hàng Nặng - Hương Thủy - Huế,2026-04-08 - Thứ 4,366,352,"100,00%","96,17%"
667,21095000 - Kho Giao Hàng Nặng - Vinh - Nghệ An,2026-04-08 - Thứ 4,265,221,"98,49%","83,40%"
668,21094000 - Kho Giao Hàng Nặng - Nha Trang - Khánh Hoà,2026-04-08 - Thứ 4,429,364,"93,01%","84,85%"
669,21091000 - Kho Giao Hàng Nặng - Pleiku - Gia Lai,2026-04-08 - Thứ 4,185,177,"100,00%","95,68%"
670,21090000 - Kho Giao Hàng Nặng - Buôn Ma Thuột - Đắk Lắk,2026-04-08 - Thứ 4,519,466,"99,61%","89,79%"
671,21089000 - Kho Giao Hàng Nặng - Liên Chiểu - Đà Nẵng,2026-04-08 - Thứ 4,495,479,"100,00%","96,77%"
672,21087000 - Kho Giao Hàng Nặng - Quy Nhơn - Bình Định,2026-04-08 - Thứ 4,291,271,"99,31%","93,13%"
673,21086000 - Kho Giao Hàng Nặng - Đông Thọ - Thanh Hoá,2026-04-08 - Thứ 4,175,156,"98,29%","89,14%"
674,22782000 - Kho Giao Hàng Nặng - Buôn Hồ - Đắk Lắk,2026-04-07 - Thứ 3,82,69,"91,46%","84,15%"
675,22168000 - Kho Giao Hàng Nặng - Hoài Nhơn - Bình Định,2026-04-07 - Thứ 3,83,72,"100,00%","86,75%"
676,22059000 - Kho Giao Hàng Nặng - Hoà Xuân - Đà Nẵng,2026-04-07 - Thứ 3,520,467,"99,81%","89,81%"
677,22057000 - Kho Giao Hàng Nặng - Tuy Phong - Bình Thuận,2026-04-07 - Thứ 3,92,80,"100,00%","86,96%"
678,22028000 - Kho Giao Hàng Nặng - La Gi - Bình Thuận,2026-04-07 - Thứ 3,107,105,"100,00%","98,13%"
679,21682000 - Kho Giao Hàng Nặng - Thạch Linh - Hà Tĩnh,2026-04-07 - Thứ 3,144,130,"100,00%","90,28%"
680,21525000 - Kho Giao Hàng Nặng - Gia Nghĩa - Đắk Nông,2026-04-07 - Thứ 3,76,56,"85,53%","73,68%"
681,21521000 - Kho Giao Hàng Nặng - Đông Hà - Quảng Trị,2026-04-07 - Thứ 3,74,69,"100,00%","93,24%"
682,21498000 - Kho Giao Hàng Nặng - Cam Ranh - Khánh Hoà,2026-04-07 - Thứ 3,100,91,"100,00%","91,00%"
683,21483000 - Kho Giao Hàng Nặng - Tam Kỳ - Quảng Nam,2026-04-07 - Thứ 3,129,122,"100,00%","94,57%"
684,21386000 - Kho Giao Hàng Nặng - Hội An - Quảng Nam,2026-04-07 - Thứ 3,241,215,"95,44%","89,21%"
685,21347000 - Kho Giao Hàng Nặng - Tuy Hoà - Phú Yên,2026-04-07 - Thứ 3,152,135,"100,00%","88,82%"
686,21285000 - Kho Giao Hàng Nặng - Phan Thiết - Bình Thuận,2026-04-07 - Thứ 3,253,226,"100,00%","89,33%"
687,21284000 - Kho Giao Hàng Nặng - Quảng Ngãi - Quảng Ngãi,2026-04-07 - Thứ 3,173,168,"100,00%","97,11%"
688,21283000 - Kho Giao Hàng Nặng - Đồng Hới - Quảng Bình,2026-04-07 - Thứ 3,160,146,"100,00%","91,25%"
689,21163000 - Kho Giao Hàng Nặng - Phan Rang - Ninh Thuận,2026-04-07 - Thứ 3,95,83,"98,95%","87,37%"
690,21162000 - Kho Giao Hàng Nặng - Thắng Lợi - Kon Tum,2026-04-07 - Thứ 3,97,83,"100,00%","85,57%"
691,21096000 - Kho Giao Hàng Nặng - Hương Thủy - Huế,2026-04-07 - Thứ 3,506,494,"100,00%","97,63%"
692,21095000 - Kho Giao Hàng Nặng - Vinh - Nghệ An,2026-04-07 - Thứ 3,333,285,"98,80%","85,59%"
693,21094000 - Kho Giao Hàng Nặng - Nha Trang - Khánh Hoà,2026-04-07 - Thứ 3,561,498,"99,64%","88,77%"
694,21091000 - Kho Giao Hàng Nặng - Pleiku - Gia Lai,2026-04-07 - Thứ 3,300,286,"100,00%","95,33%"
695,21090000 - Kho Giao Hàng Nặng - Buôn Ma Thuột - Đắk Lắk,2026-04-07 - Thứ 3,308,279,"99,68%","90,58%"
696,21089000 - Kho Giao Hàng Nặng - Liên Chiểu - Đà Nẵng,2026-04-07 - Thứ 3,523,508,"100,00%","97,13%"
697,21087000 - Kho Giao Hàng Nặng - Quy Nhơn - Bình Định,2026-04-07 - Thứ 3,447,410,"95,75%","91,72%"
698,21086000 - Kho Giao Hàng Nặng - Đông Thọ - Thanh Hoá,2026-04-07 - Thứ 3,278,241,"96,04%","86,69%"
699,22782000 - Kho Giao Hàng Nặng - Buôn Hồ - Đắk Lắk,2026-04-06 - Thứ 2,79,68,"91,14%","86,08%"
700,22168000 - Kho Giao Hàng Nặng - Hoài Nhơn - Bình Định,2026-04-06 - Thứ 2,59,55,"100,00%","93,22%"
701,22059000 - Kho Giao Hàng Nặng - Hoà Xuân - Đà Nẵng,2026-04-06 - Thứ 2,318,286,"99,69%","89,94%"
702,22057000 - Kho Giao Hàng Nặng - Tuy Phong - Bình Thuận,2026-04-06 - Thứ 2,124,102,"98,39%","82,26%"
703,22028000 - Kho Giao Hàng Nặng - La Gi - Bình Thuận,2026-04-06 - Thứ 2,67,61,"98,51%","91,04%"
704,21682000 - Kho Giao Hàng Nặng - Thạch Linh - Hà Tĩnh,2026-04-06 - Thứ 2,75,73,"100,00%","97,33%"
705,21525000 - Kho Giao Hàng Nặng - Gia Nghĩa - Đắk Nông,2026-04-06 - Thứ 2,69,55,"89,86%","79,71%"
706,21521000 - Kho Giao Hàng Nặng - Đông Hà - Quảng Trị,2026-04-06 - Thứ 2,91,88,"100,00%","96,70%"
707,21498000 - Kho Giao Hàng Nặng - Cam Ranh - Khánh Hoà,2026-04-06 - Thứ 2,104,96,"100,00%","92,31%"
708,21483000 - Kho Giao Hàng Nặng - Tam Kỳ - Quảng Nam,2026-04-06 - Thứ 2,88,78,"100,00%","88,64%"
709,21386000 - Kho Giao Hàng Nặng - Hội An - Quảng Nam,2026-04-06 - Thứ 2,188,180,"99,47%","95,74%"
710,21347000 - Kho Giao Hàng Nặng - Tuy Hoà - Phú Yên,2026-04-06 - Thứ 2,115,99,"100,00%","86,09%"
711,21285000 - Kho Giao Hàng Nặng - Phan Thiết - Bình Thuận,2026-04-06 - Thứ 2,163,145,"99,39%","88,96%"
712,21284000 - Kho Giao Hàng Nặng - Quảng Ngãi - Quảng Ngãi,2026-04-06 - Thứ 2,149,141,"100,00%","94,63%"
713,21283000 - Kho Giao Hàng Nặng - Đồng Hới - Quảng Bình,2026-04-06 - Thứ 2,120,106,"100,00%","88,33%"
714,21163000 - Kho Giao Hàng Nặng - Phan Rang - Ninh Thuận,2026-04-06 - Thứ 2,199,181,"100,00%","90,95%"
715,21162000 - Kho Giao Hàng Nặng - Thắng Lợi - Kon Tum,2026-04-06 - Thứ 2,114,100,"100,00%","87,72%"
716,21096000 - Kho Giao Hàng Nặng - Hương Thủy - Huế,2026-04-06 - Thứ 2,402,389,"100,00%","96,77%"
717,21095000 - Kho Giao Hàng Nặng - Vinh - Nghệ An,2026-04-06 - Thứ 2,96,65,"89,58%","67,71%"
718,21094000 - Kho Giao Hàng Nặng - Nha Trang - Khánh Hoà,2026-04-06 - Thứ 2,502,380,"84,26%","75,70%"
719,21091000 - Kho Giao Hàng Nặng - Pleiku - Gia Lai,2026-04-06 - Thứ 2,204,196,"100,00%","96,08%"
720,21090000 - Kho Giao Hàng Nặng - Buôn Ma Thuột - Đắk Lắk,2026-04-06 - Thứ 2,334,291,"100,00%","87,13%"
721,21089000 - Kho Giao Hàng Nặng - Liên Chiểu - Đà Nẵng,2026-04-06 - Thứ 2,178,171,"100,00%","96,07%"
722,21087000 - Kho Giao Hàng Nặng - Quy Nhơn - Bình Định,2026-04-06 - Thứ 2,333,306,"99,40%","91,89%"
723,21086000 - Kho Giao Hàng Nặng - Đông Thọ - Thanh Hoá,2026-04-06 - Thứ 2,352,317,"98,01%","90,06%"
724,22782000 - Kho Giao Hàng Nặng - Buôn Hồ - Đắk Lắk,2026-04-05 - Chủ Nhật,43,35,"90,70%","81,40%"
725,22168000 - Kho Giao Hàng Nặng - Hoài Nhơn - Bình Định,2026-04-05 - Chủ Nhật,53,40,"100,00%","75,47%"
726,22059000 - Kho Giao Hàng Nặng - Hoà Xuân - Đà Nẵng,2026-04-05 - Chủ Nhật,317,282,"100,00%","88,96%"
727,22057000 - Kho Giao Hàng Nặng - Tuy Phong - Bình Thuận,2026-04-05 - Chủ Nhật,97,87,"98,97%","89,69%"
728,22028000 - Kho Giao Hàng Nặng - La Gi - Bình Thuận,2026-04-05 - Chủ Nhật,123,113,"100,00%","91,87%"
729,21682000 - Kho Giao Hàng Nặng - Thạch Linh - Hà Tĩnh,2026-04-05 - Chủ Nhật,64,57,"100,00%","89,06%"
730,21525000 - Kho Giao Hàng Nặng - Gia Nghĩa - Đắk Nông,2026-04-05 - Chủ Nhật,62,43,"85,48%","69,35%"
731,21521000 - Kho Giao Hàng Nặng - Đông Hà - Quảng Trị,2026-04-05 - Chủ Nhật,87,81,"100,00%","93,10%"
732,21498000 - Kho Giao Hàng Nặng - Cam Ranh - Khánh Hoà,2026-04-05 - Chủ Nhật,90,81,"100,00%","90,00%"
733,21483000 - Kho Giao Hàng Nặng - Tam Kỳ - Quảng Nam,2026-04-05 - Chủ Nhật,88,79,"100,00%","89,77%"
734,21386000 - Kho Giao Hàng Nặng - Hội An - Quảng Nam,2026-04-05 - Chủ Nhật,117,96,"100,00%","82,05%"
735,21347000 - Kho Giao Hàng Nặng - Tuy Hoà - Phú Yên,2026-04-05 - Chủ Nhật,117,95,"98,29%","81,20%"
736,21285000 - Kho Giao Hàng Nặng - Phan Thiết - Bình Thuận,2026-04-05 - Chủ Nhật,169,135,"98,82%","79,88%"
737,21284000 - Kho Giao Hàng Nặng - Quảng Ngãi - Quảng Ngãi,2026-04-05 - Chủ Nhật,120,115,"100,00%","95,83%"
738,21283000 - Kho Giao Hàng Nặng - Đồng Hới - Quảng Bình,2026-04-05 - Chủ Nhật,99,91,"100,00%","91,92%"
739,21163000 - Kho Giao Hàng Nặng - Phan Rang - Ninh Thuận,2026-04-05 - Chủ Nhật,165,148,"98,18%","89,70%"
740,21162000 - Kho Giao Hàng Nặng - Thắng Lợi - Kon Tum,2026-04-05 - Chủ Nhật,108,89,"98,15%","82,41%"
741,21096000 - Kho Giao Hàng Nặng - Hương Thủy - Huế,2026-04-05 - Chủ Nhật,231,225,"100,00%","97,40%"
742,21095000 - Kho Giao Hàng Nặng - Vinh - Nghệ An,2026-04-05 - Chủ Nhật,293,221,"93,52%","75,43%"
743,21094000 - Kho Giao Hàng Nặng - Nha Trang - Khánh Hoà,2026-04-05 - Chủ Nhật,603,442,"86,07%","73,30%"
744,21091000 - Kho Giao Hàng Nặng - Pleiku - Gia Lai,2026-04-05 - Chủ Nhật,70,63,"100,00%","90,00%"
745,21090000 - Kho Giao Hàng Nặng - Buôn Ma Thuột - Đắk Lắk,2026-04-05 - Chủ Nhật,275,239,"99,64%","86,91%"
746,21089000 - Kho Giao Hàng Nặng - Liên Chiểu - Đà Nẵng,2026-04-05 - Chủ Nhật,424,388,"99,76%","91,51%"
747,21087000 - Kho Giao Hàng Nặng - Quy Nhơn - Bình Định,2026-04-05 - Chủ Nhật,258,235,"97,67%","91,09%"
748,21086000 - Kho Giao Hàng Nặng - Đông Thọ - Thanh Hoá,2026-04-05 - Chủ Nhật,407,359,"96,81%","88,21%"
749,22782000 - Kho Giao Hàng Nặng - Buôn Hồ - Đắk Lắk,2026-04-04 - Thứ 7,70,56,"91,43%","80,00%"
750,22168000 - Kho Giao Hàng Nặng - Hoài Nhơn - Bình Định,2026-04-04 - Thứ 7,71,59,"100,00%","83,10%"
751,22059000 - Kho Giao Hàng Nặng - Hoà Xuân - Đà Nẵng,2026-04-04 - Thứ 7,321,294,"100,00%","91,59%"
752,22057000 - Kho Giao Hàng Nặng - Tuy Phong - Bình Thuận,2026-04-04 - Thứ 7,91,78,"100,00%","85,71%"
753,22028000 - Kho Giao Hàng Nặng - La Gi - Bình Thuận,2026-04-04 - Thứ 7,97,93,"100,00%","95,88%"
754,21682000 - Kho Giao Hàng Nặng - Thạch Linh - Hà Tĩnh,2026-04-04 - Thứ 7,91,77,"100,00%","84,62%"
755,21525000 - Kho Giao Hàng Nặng - Gia Nghĩa - Đắk Nông,2026-04-04 - Thứ 7,43,32,"97,67%","74,42%"
756,21521000 - Kho Giao Hàng Nặng - Đông Hà - Quảng Trị,2026-04-04 - Thứ 7,83,77,"100,00%","92,77%"
757,21498000 - Kho Giao Hàng Nặng - Cam Ranh - Khánh Hoà,2026-04-04 - Thứ 7,85,75,"100,00%","88,24%"
758,21483000 - Kho Giao Hàng Nặng - Tam Kỳ - Quảng Nam,2026-04-04 - Thứ 7,82,81,"100,00%","98,78%"
759,21386000 - Kho Giao Hàng Nặng - Hội An - Quảng Nam,2026-04-04 - Thứ 7,152,139,"99,34%","91,45%"
760,21347000 - Kho Giao Hàng Nặng - Tuy Hoà - Phú Yên,2026-04-04 - Thứ 7,114,77,"71,93%","67,54%"
761,21285000 - Kho Giao Hàng Nặng - Phan Thiết - Bình Thuận,2026-04-04 - Thứ 7,174,150,"98,28%","86,21%"
762,21284000 - Kho Giao Hàng Nặng - Quảng Ngãi - Quảng Ngãi,2026-04-04 - Thứ 7,107,103,"100,00%","96,26%"
763,21283000 - Kho Giao Hàng Nặng - Đồng Hới - Quảng Bình,2026-04-04 - Thứ 7,111,105,"100,00%","94,59%"
764,21163000 - Kho Giao Hàng Nặng - Phan Rang - Ninh Thuận,2026-04-04 - Thứ 7,178,159,"100,00%","89,33%"
765,21162000 - Kho Giao Hàng Nặng - Thắng Lợi - Kon Tum,2026-04-04 - Thứ 7,91,86,"100,00%","94,51%"
766,21096000 - Kho Giao Hàng Nặng - Hương Thủy - Huế,2026-04-04 - Thứ 7,451,435,"100,00%","96,45%"
767,21095000 - Kho Giao Hàng Nặng - Vinh - Nghệ An,2026-04-04 - Thứ 7,266,217,"97,37%","81,58%"
768,21094000 - Kho Giao Hàng Nặng - Nha Trang - Khánh Hoà,2026-04-04 - Thứ 7,400,360,"99,75%","90,00%"
769,21091000 - Kho Giao Hàng Nặng - Pleiku - Gia Lai,2026-04-04 - Thứ 7,221,206,"100,00%","93,21%"
770,21090000 - Kho Giao Hàng Nặng - Buôn Ma Thuột - Đắk Lắk,2026-04-04 - Thứ 7,215,199,"100,00%","92,56%"
771,21089000 - Kho Giao Hàng Nặng - Liên Chiểu - Đà Nẵng,2026-04-04 - Thứ 7,401,359,"100,00%","89,53%"
772,21087000 - Kho Giao Hàng Nặng - Quy Nhơn - Bình Định,2026-04-04 - Thứ 7,255,235,"100,00%","92,16%"
773,21086000 - Kho Giao Hàng Nặng - Đông Thọ - Thanh Hoá,2026-04-04 - Thứ 7,131,121,"100,00%","92,37%"
774,22782000 - Kho Giao Hàng Nặng - Buôn Hồ - Đắk Lắk,2026-04-03 - Thứ 6,56,51,"96,43%","91,07%"
775,22168000 - Kho Giao Hàng Nặng - Hoài Nhơn - Bình Định,2026-04-03 - Thứ 6,43,31,"90,70%","72,09%"
776,22059000 - Kho Giao Hàng Nặng - Hoà Xuân - Đà Nẵng,2026-04-03 - Thứ 6,331,297,"100,00%","89,73%"
777,22057000 - Kho Giao Hàng Nặng - Tuy Phong - Bình Thuận,2026-04-03 - Thứ 6,65,58,"100,00%","89,23%"
778,22028000 - Kho Giao Hàng Nặng - La Gi - Bình Thuận,2026-04-03 - Thứ 6,56,48,"100,00%","85,71%"
779,21682000 - Kho Giao Hàng Nặng - Thạch Linh - Hà Tĩnh,2026-04-03 - Thứ 6,40,33,"92,50%","82,50%"
780,21525000 - Kho Giao Hàng Nặng - Gia Nghĩa - Đắk Nông,2026-04-03 - Thứ 6,68,55,"98,53%","80,88%"
781,21521000 - Kho Giao Hàng Nặng - Đông Hà - Quảng Trị,2026-04-03 - Thứ 6,79,71,"100,00%","89,87%"
782,21498000 - Kho Giao Hàng Nặng - Cam Ranh - Khánh Hoà,2026-04-03 - Thứ 6,80,71,"100,00%","88,75%"
783,21483000 - Kho Giao Hàng Nặng - Tam Kỳ - Quảng Nam,2026-04-03 - Thứ 6,100,89,"100,00%","89,00%"
784,21386000 - Kho Giao Hàng Nặng - Hội An - Quảng Nam,2026-04-03 - Thứ 6,217,190,"100,00%","87,56%"
785,21347000 - Kho Giao Hàng Nặng - Tuy Hoà - Phú Yên,2026-04-03 - Thứ 6,145,112,"100,00%","77,24%"
786,21285000 - Kho Giao Hàng Nặng - Phan Thiết - Bình Thuận,2026-04-03 - Thứ 6,155,138,"98,06%","89,03%"
787,21284000 - Kho Giao Hàng Nặng - Quảng Ngãi - Quảng Ngãi,2026-04-03 - Thứ 6,99,96,"100,00%","96,97%"
788,21283000 - Kho Giao Hàng Nặng - Đồng Hới - Quảng Bình,2026-04-03 - Thứ 6,88,83,"100,00%","94,32%"
789,21163000 - Kho Giao Hàng Nặng - Phan Rang - Ninh Thuận,2026-04-03 - Thứ 6,135,120,"100,00%","88,89%"
790,21162000 - Kho Giao Hàng Nặng - Thắng Lợi - Kon Tum,2026-04-03 - Thứ 6,88,80,"100,00%","90,91%"
791,21096000 - Kho Giao Hàng Nặng - Hương Thủy - Huế,2026-04-03 - Thứ 6,234,223,"100,00%","95,30%"
792,21095000 - Kho Giao Hàng Nặng - Vinh - Nghệ An,2026-04-03 - Thứ 6,278,225,"95,68%","80,94%"
793,21094000 - Kho Giao Hàng Nặng - Nha Trang - Khánh Hoà,2026-04-03 - Thứ 6,418,353,"97,13%","84,45%"
794,21091000 - Kho Giao Hàng Nặng - Pleiku - Gia Lai,2026-04-03 - Thứ 6,157,151,"100,00%","96,18%"
795,21090000 - Kho Giao Hàng Nặng - Buôn Ma Thuột - Đắk Lắk,2026-04-03 - Thứ 6,306,264,"100,00%","86,27%"
796,21089000 - Kho Giao Hàng Nặng - Liên Chiểu - Đà Nẵng,2026-04-03 - Thứ 6,308,274,"99,68%","88,96%"
797,21087000 - Kho Giao Hàng Nặng - Quy Nhơn - Bình Định,2026-04-03 - Thứ 6,208,193,"100,00%","92,79%"
798,21086000 - Kho Giao Hàng Nặng - Đông Thọ - Thanh Hoá,2026-04-03 - Thứ 6,279,256,"98,92%","91,76%"
799,22782000 - Kho Giao Hàng Nặng - Buôn Hồ - Đắk Lắk,2026-04-02 - Thứ 5,68,58,"92,65%","85,29%"
800,22168000 - Kho Giao Hàng Nặng - Hoài Nhơn - Bình Định,2026-04-02 - Thứ 5,57,52,"98,25%","91,23%"
801,22059000 - Kho Giao Hàng Nặng - Hoà Xuân - Đà Nẵng,2026-04-02 - Thứ 5,320,289,"100,00%","90,31%"
802,22057000 - Kho Giao Hàng Nặng - Tuy Phong - Bình Thuận,2026-04-02 - Thứ 5,56,54,"100,00%","96,43%"
803,22028000 - Kho Giao Hàng Nặng - La Gi - Bình Thuận,2026-04-02 - Thứ 5,87,82,"100,00%","94,25%"
804,21682000 - Kho Giao Hàng Nặng - Thạch Linh - Hà Tĩnh,2026-04-02 - Thứ 5,80,69,"100,00%","86,25%"
805,21525000 - Kho Giao Hàng Nặng - Gia Nghĩa - Đắk Nông,2026-04-02 - Thứ 5,42,32,"97,62%","76,19%"
806,21521000 - Kho Giao Hàng Nặng - Đông Hà - Quảng Trị,2026-04-02 - Thứ 5,78,75,"100,00%","96,15%"
807,21498000 - Kho Giao Hàng Nặng - Cam Ranh - Khánh Hoà,2026-04-02 - Thứ 5,111,93,"100,00%","83,78%"
808,21483000 - Kho Giao Hàng Nặng - Tam Kỳ - Quảng Nam,2026-04-02 - Thứ 5,75,71,"98,67%","94,67%"
809,21386000 - Kho Giao Hàng Nặng - Hội An - Quảng Nam,2026-04-02 - Thứ 5,189,177,"100,00%","93,65%"
810,21347000 - Kho Giao Hàng Nặng - Tuy Hoà - Phú Yên,2026-04-02 - Thứ 5,62,55,"100,00%","88,71%"
811,21285000 - Kho Giao Hàng Nặng - Phan Thiết - Bình Thuận,2026-04-02 - Thứ 5,165,154,"100,00%","93,33%"
812,21284000 - Kho Giao Hàng Nặng - Quảng Ngãi - Quảng Ngãi,2026-04-02 - Thứ 5,145,138,"100,00%","95,17%"
813,21283000 - Kho Giao Hàng Nặng - Đồng Hới - Quảng Bình,2026-04-02 - Thứ 5,100,90,"100,00%","90,00%"
814,21163000 - Kho Giao Hàng Nặng - Phan Rang - Ninh Thuận,2026-04-02 - Thứ 5,126,117,"100,00%","92,86%"
815,21162000 - Kho Giao Hàng Nặng - Thắng Lợi - Kon Tum,2026-04-02 - Thứ 5,63,55,"100,00%","87,30%"
816,21096000 - Kho Giao Hàng Nặng - Hương Thủy - Huế,2026-04-02 - Thứ 5,264,253,"100,00%","95,83%"
817,21095000 - Kho Giao Hàng Nặng - Vinh - Nghệ An,2026-04-02 - Thứ 5,199,166,"98,99%","83,42%"
818,21094000 - Kho Giao Hàng Nặng - Nha Trang - Khánh Hoà,2026-04-02 - Thứ 5,414,379,"99,76%","91,55%"
819,21091000 - Kho Giao Hàng Nặng - Pleiku - Gia Lai,2026-04-02 - Thứ 5,219,213,"100,00%","97,26%"
820,21090000 - Kho Giao Hàng Nặng - Buôn Ma Thuột - Đắk Lắk,2026-04-02 - Thứ 5,288,260,"100,00%","90,28%"
821,21089000 - Kho Giao Hàng Nặng - Liên Chiểu - Đà Nẵng,2026-04-02 - Thứ 5,531,468,"99,81%","88,14%"
822,21087000 - Kho Giao Hàng Nặng - Quy Nhơn - Bình Định,2026-04-02 - Thứ 5,215,202,"100,00%","93,95%"
823,21086000 - Kho Giao Hàng Nặng - Đông Thọ - Thanh Hoá,2026-04-02 - Thứ 5,195,179,"99,49%","91,79%"
824,22782000 - Kho Giao Hàng Nặng - Buôn Hồ - Đắk Lắk,2026-04-01 - Thứ 4,30,22,"90,00%","73,33%"
825,22168000 - Kho Giao Hàng Nặng - Hoài Nhơn - Bình Định,2026-04-01 - Thứ 4,35,27,"100,00%","77,14%"
826,22059000 - Kho Giao Hàng Nặng - Hoà Xuân - Đà Nẵng,2026-04-01 - Thứ 4,154,140,"100,00%","90,91%"
827,22057000 - Kho Giao Hàng Nặng - Tuy Phong - Bình Thuận,2026-04-01 - Thứ 4,47,46,"100,00%","97,87%"
828,22028000 - Kho Giao Hàng Nặng - La Gi - Bình Thuận,2026-04-01 - Thứ 4,55,54,"100,00%","98,18%"
829,21682000 - Kho Giao Hàng Nặng - Thạch Linh - Hà Tĩnh,2026-04-01 - Thứ 4,61,51,"100,00%","83,61%"
830,21525000 - Kho Giao Hàng Nặng - Gia Nghĩa - Đắk Nông,2026-04-01 - Thứ 4,42,30,"95,24%","71,43%"
831,21521000 - Kho Giao Hàng Nặng - Đông Hà - Quảng Trị,2026-04-01 - Thứ 4,47,45,"100,00%","95,74%"
832,21498000 - Kho Giao Hàng Nặng - Cam Ranh - Khánh Hoà,2026-04-01 - Thứ 4,53,43,"98,11%","81,13%"
833,21483000 - Kho Giao Hàng Nặng - Tam Kỳ - Quảng Nam,2026-04-01 - Thứ 4,48,45,"100,00%","93,75%"
834,21386000 - Kho Giao Hàng Nặng - Hội An - Quảng Nam,2026-04-01 - Thứ 4,109,105,"100,00%","96,33%"
835,21347000 - Kho Giao Hàng Nặng - Tuy Hoà - Phú Yên,2026-04-01 - Thứ 4,94,86,"96,81%","91,49%"
836,21285000 - Kho Giao Hàng Nặng - Phan Thiết - Bình Thuận,2026-04-01 - Thứ 4,124,117,"100,00%","94,35%"
837,21284000 - Kho Giao Hàng Nặng - Quảng Ngãi - Quảng Ngãi,2026-04-01 - Thứ 4,56,53,"100,00%","94,64%"
838,21283000 - Kho Giao Hàng Nặng - Đồng Hới - Quảng Bình,2026-04-01 - Thứ 4,52,50,"100,00%","96,15%"
839,21163000 - Kho Giao Hàng Nặng - Phan Rang - Ninh Thuận,2026-04-01 - Thứ 4,95,84,"100,00%","88,42%"
840,21162000 - Kho Giao Hàng Nặng - Thắng Lợi - Kon Tum,2026-04-01 - Thứ 4,98,86,"100,00%","87,76%"
841,21096000 - Kho Giao Hàng Nặng - Hương Thủy - Huế,2026-04-01 - Thứ 4,107,102,"100,00%","95,33%"
842,21095000 - Kho Giao Hàng Nặng - Vinh - Nghệ An,2026-04-01 - Thứ 4,163,132,"95,09%","80,98%"
843,21094000 - Kho Giao Hàng Nặng - Nha Trang - Khánh Hoà,2026-04-01 - Thứ 4,277,253,"99,64%","91,34%"
844,21091000 - Kho Giao Hàng Nặng - Pleiku - Gia Lai,2026-04-01 - Thứ 4,59,56,"100,00%","94,92%"
845,21090000 - Kho Giao Hàng Nặng - Buôn Ma Thuột - Đắk Lắk,2026-04-01 - Thứ 4,260,220,"98,85%","84,62%"
846,21089000 - Kho Giao Hàng Nặng - Liên Chiểu - Đà Nẵng,2026-04-01 - Thứ 4,143,133,"100,00%","93,01%"
847,21087000 - Kho Giao Hàng Nặng - Quy Nhơn - Bình Định,2026-04-01 - Thứ 4,191,168,"98,43%","87,96%"
848,21086000 - Kho Giao Hàng Nặng - Đông Thọ - Thanh Hoá,2026-04-01 - Thứ 4,171,160,"100,00%","93,57%"