STT,Kho,Ngày,Số đơn trả,% FD,,,Thời gian,Tổng đơn trả,Trả hàng tổng,Trả hàng SHOPEE Bulky,Trả hàng TTS Bulky,Trả hàng SME,Trả hàng B2B,Trả hàng Ecommerce
1,Kho Giao Hàng Nặng - Đông Thọ - Thanh Hoá,2026-05-04 - Thứ 2,2,"1,14%",,,2026-05-04 - Thứ 2,117,"3,78%","4,12%","9,33%","1,78%","0,00%","0,00%"
2,Kho Giao Hàng Nặng - Buôn Ma Thuột - Đắk Lắk,2026-05-04 - Thứ 2,5,"2,92%",,,2026-05-03 - CN,92,"5,11%","5,90%","13,33%","1,03%","0,00%","33,33%"
3,Kho Giao Hàng Nặng - Vinh - Nghệ An,2026-05-04 - Thứ 2,9,"4,64%",,,2026-05-02 - Thứ 7,144,"5,89%","8,48%","4,26%","1,14%","0,00%","0,00%"
4,Kho Giao Hàng Nặng - La Gi - Bình Thuận,2026-05-04 - Thứ 2,3,"8,11%",,,2026-05-01 - Thứ 6,100,"4,98%","5,61%","21,28%","2,40%","0,00%","6,67%"
5,Kho Giao Hàng Nặng - Buôn Hồ - Đắk Lắk,2026-05-04 - Thứ 2,1,"1,64%",,,2026-04-30 - Thứ 5,103,"4,44%","4,72%","31,25%","0,78%","0,00%","0,00%"
6,Kho Giao Hàng Nặng - Đồng Hới - Quảng Bình,2026-05-04 - Thứ 2,3,"6,52%",,,2026-04-29 - Thứ 4,137,"3,93%","4,26%","15,09%","2,48%","0,00%","7,69%"
7,Kho Giao Hàng Nặng - Liên Chiểu - Đà Nẵng,2026-05-04 - Thứ 2,13,"4,06%",,,2026-04-28 - Thứ 3,137,"3,95%","4,42%","16,00%","2,13%","0,00%","0,00%"
8,Kho Giao Hàng Nặng - Tam Kỳ - Quảng Nam,2026-05-04 - Thứ 2,2,"2,20%",,,2026-04-27 - Thứ 2,137,"3,38%","4,08%","11,43%","1,02%","0,00%","0,00%"
9,Kho Giao Hàng Nặng - Hoà Xuân - Đà Nẵng,2026-05-04 - Thứ 2,14,"5,81%",,,2026-04-26 - CN,141,"4,24%","5,34%","17,31%","0,75%","0,00%","11,11%"
10,Kho Giao Hàng Nặng - Quảng Ngãi - Quảng Ngãi,2026-05-04 - Thứ 2,6,"8,96%",,,2026-04-25 - Thứ 7,157,"4,32%","5,32%","16,92%","1,43%","0,00%","0,00%"
11,Kho Giao Hàng Nặng - Đông Hà - Quảng Trị,2026-05-04 - Thứ 2,2,"4,76%",,,2026-04-24 - Thứ 6,158,"3,77%","4,39%","23,21%","1,17%","0,00%","0,00%"
12,Kho Giao Hàng Nặng - Nha Trang - Khánh Hoà,2026-05-04 - Thứ 2,12,"4,21%",,,2026-04-23 - Thứ 5,181,"3,93%","4,36%","18,97%","1,58%","0,00%","0,00%"
13,Kho Giao Hàng Nặng - Hương Thủy - Huế,2026-05-04 - Thứ 2,11,"5,37%",,,2026-04-22 - Thứ 4,159,"3,77%","4,11%","19,05%","1,50%","0,00%","0,00%"
14,Kho Giao Hàng Nặng - Phan Thiết - Bình Thuận,2026-05-04 - Thứ 2,4,"3,92%",,,2026-04-21 - Thứ 3,124,"4,65%","5,50%","16,33%","2,06%","0,00%","11,11%"
15,Kho Giao Hàng Nặng - Thạch Linh - Hà Tĩnh,2026-05-04 - Thứ 2,0,"0,00%",,,2026-04-20 - Thứ 2,188,"4,45%","5,49%","10,17%","1,68%","0,00%","0,00%"
16,Kho Giao Hàng Nặng - Quy Nhơn - Bình Định,2026-05-04 - Thứ 2,5,"1,94%",,,2026-04-19 - CN,166,"3,84%","4,44%","14,29%","1,22%","0,00%","0,00%"
17,Kho Giao Hàng Nặng - Pleiku - Gia Lai,2026-05-04 - Thứ 2,1,"0,60%",,,2026-04-18 - Thứ 7,200,"3,88%","4,46%","5,80%","1,68%","0,00%","0,00%"
18,Kho Giao Hàng Nặng - Phan Rang - Ninh Thuận,2026-05-04 - Thứ 2,6,"6,32%",,,2026-04-17 - Thứ 6,212,"4,22%","4,49%","21,13%","2,24%","0,00%","0,00%"
19,Kho Giao Hàng Nặng - Tuy Hoà - Phú Yên,2026-05-04 - Thứ 2,3,"2,83%",,,2026-04-16 - Thứ 5,202,"4,55%","5,44%","5,36%","1,69%","0,00%","5,56%"
20,Kho Giao Hàng Nặng - Cam Ranh - Khánh Hoà,2026-05-04 - Thứ 2,1,"1,64%",,,2026-04-15 - Thứ 4,169,"4,17%","4,66%","20,34%","1,91%","0,00%","0,00%"
21,Kho Giao Hàng Nặng - Thắng Lợi - Kon Tum,2026-05-04 - Thứ 2,6,"10,53%",,,2026-04-14 - Thứ 3,161,"4,33%","4,57%","22,00%","2,56%","0,00%","13,33%"
22,Kho Giao Hàng Nặng - Hội An - Quảng Nam,2026-05-04 - Thứ 2,5,"3,13%",,,2026-04-13 - Thứ 2,180,"3,77%","4,39%","9,26%","1,05%","0,00%","10,53%"
23,Kho Giao Hàng Nặng - Tuy Phong - Bình Thuận,2026-05-04 - Thứ 2,0,"0,00%",,,2026-04-12 - CN,200,"4,12%","4,56%","13,04%","1,98%","0,00%","0,00%"
24,Kho Giao Hàng Nặng - Gia Nghĩa - Đắk Nông,2026-05-04 - Thứ 2,2,"5,26%",,,2026-04-11 - Thứ 7,204,"4,55%","5,29%","27,59%","0,87%","0,00%","11,11%"
25,Kho Giao Hàng Nặng - Hoài Nhơn - Bình Định,2026-05-04 - Thứ 2,1,"3,13%",,,2026-04-10 - Thứ 6,221,"4,68%","5,24%","16,46%","2,09%","0,00%","0,00%"
26,Kho Giao Hàng Nặng - Liên Chiểu - Đà Nẵng,2026-05-03 - CN,10,"7,41%",,,2026-04-09 - Thứ 5,202,"3,82%","4,49%","3,28%","0,78%","0,00%","0,00%"
27,Kho Giao Hàng Nặng - Đông Thọ - Thanh Hoá,2026-05-03 - CN,2,"2,53%",,,2026-04-08 - Thứ 4,191,"3,54%","3,54%","16,67%","2,90%","0,00%","0,00%"
28,Kho Giao Hàng Nặng - Hương Thủy - Huế,2026-05-03 - CN,1,"100,00%",,,2026-04-07 - Thứ 3,208,"3,86%","3,92%","17,39%","2,72%","0,00%","0,00%"
29,Kho Giao Hàng Nặng - Hội An - Quảng Nam,2026-05-03 - CN,1,"1,12%",,,2026-04-06 - Thứ 2,211,"3,84%","4,22%","3,39%","2,13%","0,00%","0,00%"
30,Kho Giao Hàng Nặng - Tam Kỳ - Quảng Nam,2026-05-03 - CN,0,"0,00%",,,2026-04-05 - CN,214,"4,77%","5,80%","3,85%","1,18%","0,00%","0,00%"
31,Kho Giao Hàng Nặng - Tuy Hoà - Phú Yên,2026-05-03 - CN,0,"0,00%",,,2026-04-04 - Thứ 7,189,"4,22%","4,68%","7,50%","2,53%","0,00%","0,00%"
32,Kho Giao Hàng Nặng - Hoà Xuân - Đà Nẵng,2026-05-03 - CN,16,"12,21%",,,2026-04-03 - Thứ 6,171,"4,20%","4,54%","11,76%","2,48%","0,00%","0,00%"
33,Kho Giao Hàng Nặng - Nha Trang - Khánh Hoà,2026-05-03 - CN,7,"3,63%",,,2026-04-02 - Thứ 5,153,"3,72%","4,25%","10,96%","1,56%","0,00%","0,00%"
34,Kho Giao Hàng Nặng - Cam Ranh - Khánh Hoà,2026-05-03 - CN,2,"4,00%",,,2026-04-01 - Thứ 4,160,"4,19%","4,96%","7,58%","1,29%","0,00%","9,09%"
35,Kho Giao Hàng Nặng - La Gi - Bình Thuận,2026-05-03 - CN,1,"1,64%",,,,,,,,,,
36,Kho Giao Hàng Nặng - Tuy Phong - Bình Thuận,2026-05-03 - CN,0,"0,00%",,,,,,,,,,
37,Kho Giao Hàng Nặng - Vinh - Nghệ An,2026-05-03 - CN,13,"6,84%",,,,,,,,,,
38,Kho Giao Hàng Nặng - Hoài Nhơn - Bình Định,2026-05-03 - CN,0,"0,00%",,,,,,,,,,
39,Kho Giao Hàng Nặng - Buôn Hồ - Đắk Lắk,2026-05-03 - CN,4,"20,00%",,,,,,,,,,
40,Kho Giao Hàng Nặng - Phan Thiết - Bình Thuận,2026-05-03 - CN,4,"4,08%",,,,,,,,,,
41,Kho Giao Hàng Nặng - Thạch Linh - Hà Tĩnh,2026-05-03 - CN,1,"1,82%",,,,,,,,,,
42,Kho Giao Hàng Nặng - Đồng Hới - Quảng Bình,2026-05-03 - CN,3,"4,35%",,,,,,,,,,
43,Kho Giao Hàng Nặng - Quảng Ngãi - Quảng Ngãi,2026-05-03 - CN,3,"6,67%",,,,,,,,,,
44,Kho Giao Hàng Nặng - Thắng Lợi - Kon Tum,2026-05-03 - CN,0,"0,00%",,,,,,,,,,
45,Kho Giao Hàng Nặng - Buôn Ma Thuột - Đắk Lắk,2026-05-03 - CN,10,"6,33%",,,,,,,,,,
46,Kho Giao Hàng Nặng - Phan Rang - Ninh Thuận,2026-05-03 - CN,5,"6,02%",,,,,,,,,,
47,Kho Giao Hàng Nặng - Quy Nhơn - Bình Định,2026-05-03 - CN,4,"4,76%",,,,,,,,,,
48,Kho Giao Hàng Nặng - Gia Nghĩa - Đắk Nông,2026-05-03 - CN,1,"4,00%",,,,,,,,,,
49,Kho Giao Hàng Nặng - Đông Hà - Quảng Trị,2026-05-03 - CN,2,"9,09%",,,,,,,,,,
50,Kho Giao Hàng Nặng - Pleiku - Gia Lai,2026-05-03 - CN,2,"3,64%",,,,,,,,,,
51,Kho Giao Hàng Nặng - Buôn Ma Thuột - Đắk Lắk,2026-05-02 - Thứ 7,7,"3,55%",,,,,,,,,,
52,Kho Giao Hàng Nặng - Hương Thủy - Huế,2026-05-02 - Thứ 7,10,"10,10%",,,,,,,,,,
53,Kho Giao Hàng Nặng - Phan Rang - Ninh Thuận,2026-05-02 - Thứ 7,4,"6,15%",,,,,,,,,,
54,Kho Giao Hàng Nặng - Gia Nghĩa - Đắk Nông,2026-05-02 - Thứ 7,1,"2,70%",,,,,,,,,,
55,Kho Giao Hàng Nặng - Pleiku - Gia Lai,2026-05-02 - Thứ 7,2,"3,92%",,,,,,,,,,
56,Kho Giao Hàng Nặng - Tuy Phong - Bình Thuận,2026-05-02 - Thứ 7,2,"3,85%",,,,,,,,,,
57,Kho Giao Hàng Nặng - Đông Thọ - Thanh Hoá,2026-05-02 - Thứ 7,7,"4,19%",,,,,,,,,,
58,Kho Giao Hàng Nặng - Thạch Linh - Hà Tĩnh,2026-05-02 - Thứ 7,0,"0,00%",,,,,,,,,,
59,Kho Giao Hàng Nặng - Tuy Hoà - Phú Yên,2026-05-02 - Thứ 7,1,"2,17%",,,,,,,,,,
60,Kho Giao Hàng Nặng - Cam Ranh - Khánh Hoà,2026-05-02 - Thứ 7,2,"5,00%",,,,,,,,,,
61,Kho Giao Hàng Nặng - Quy Nhơn - Bình Định,2026-05-02 - Thứ 7,10,"6,06%",,,,,,,,,,
62,Kho Giao Hàng Nặng - Tam Kỳ - Quảng Nam,2026-05-02 - Thứ 7,7,"7,22%",,,,,,,,,,
63,Kho Giao Hàng Nặng - Đông Hà - Quảng Trị,2026-05-02 - Thứ 7,0,"0,00%",,,,,,,,,,
64,Kho Giao Hàng Nặng - Đồng Hới - Quảng Bình,2026-05-02 - Thứ 7,11,"12,64%",,,,,,,,,,
65,Kho Giao Hàng Nặng - Hoà Xuân - Đà Nẵng,2026-05-02 - Thứ 7,15,"9,74%",,,,,,,,,,
66,Kho Giao Hàng Nặng - Hoài Nhơn - Bình Định,2026-05-02 - Thứ 7,2,"5,56%",,,,,,,,,,
67,Kho Giao Hàng Nặng - Liên Chiểu - Đà Nẵng,2026-05-02 - Thứ 7,8,"3,60%",,,,,,,,,,
68,Kho Giao Hàng Nặng - Buôn Hồ - Đắk Lắk,2026-05-02 - Thứ 7,2,"4,76%",,,,,,,,,,
69,Kho Giao Hàng Nặng - Phan Thiết - Bình Thuận,2026-05-02 - Thứ 7,5,"5,88%",,,,,,,,,,
70,Kho Giao Hàng Nặng - Thắng Lợi - Kon Tum,2026-05-02 - Thứ 7,3,"13,64%",,,,,,,,,,
71,Kho Giao Hàng Nặng - Hội An - Quảng Nam,2026-05-02 - Thứ 7,5,"2,94%",,,,,,,,,,
72,Kho Giao Hàng Nặng - Nha Trang - Khánh Hoà,2026-05-02 - Thứ 7,14,"7,57%",,,,,,,,,,
73,Kho Giao Hàng Nặng - Quảng Ngãi - Quảng Ngãi,2026-05-02 - Thứ 7,3,"2,65%",,,,,,,,,,
74,Kho Giao Hàng Nặng - Vinh - Nghệ An,2026-05-02 - Thứ 7,23,"10,85%",,,,,,,,,,
75,Kho Giao Hàng Nặng - La Gi - Bình Thuận,2026-05-02 - Thứ 7,0,"0,00%",,,,,,,,,,
76,Kho Giao Hàng Nặng - Đông Hà - Quảng Trị,2026-05-01 - Thứ 6,1,"100,00%",,,,,,,,,,
77,Kho Giao Hàng Nặng - Quy Nhơn - Bình Định,2026-05-01 - Thứ 6,7,"3,37%",,,,,,,,,,
78,Kho Giao Hàng Nặng - Liên Chiểu - Đà Nẵng,2026-05-01 - Thứ 6,11,"4,25%",,,,,,,,,,
79,Kho Giao Hàng Nặng - Buôn Ma Thuột - Đắk Lắk,2026-05-01 - Thứ 6,8,"4,49%",,,,,,,,,,
80,Kho Giao Hàng Nặng - Pleiku - Gia Lai,2026-05-01 - Thứ 6,4,"3,31%",,,,,,,,,,
81,Kho Giao Hàng Nặng - Đông Thọ - Thanh Hoá,2026-05-01 - Thứ 6,5,"83,33%",,,,,,,,,,
82,Kho Giao Hàng Nặng - La Gi - Bình Thuận,2026-05-01 - Thứ 6,2,"5,00%",,,,,,,,,,
83,Kho Giao Hàng Nặng - Thắng Lợi - Kon Tum,2026-05-01 - Thứ 6,3,"4,29%",,,,,,,,,,
84,Kho Giao Hàng Nặng - Hoà Xuân - Đà Nẵng,2026-05-01 - Thứ 6,9,"7,38%",,,,,,,,,,
85,Kho Giao Hàng Nặng - Quảng Ngãi - Quảng Ngãi,2026-05-01 - Thứ 6,0,"0,00%",,,,,,,,,,
86,Kho Giao Hàng Nặng - Cam Ranh - Khánh Hoà,2026-05-01 - Thứ 6,3,"7,89%",,,,,,,,,,
87,Kho Giao Hàng Nặng - Nha Trang - Khánh Hoà,2026-05-01 - Thứ 6,12,"4,10%",,,,,,,,,,
88,Kho Giao Hàng Nặng - Phan Thiết - Bình Thuận,2026-05-01 - Thứ 6,5,"4,07%",,,,,,,,,,
89,Kho Giao Hàng Nặng - Tuy Hoà - Phú Yên,2026-05-01 - Thứ 6,0,"0,00%",,,,,,,,,,
90,Kho Giao Hàng Nặng - Vinh - Nghệ An,2026-05-01 - Thứ 6,1,"100,00%",,,,,,,,,,
91,Kho Giao Hàng Nặng - Đồng Hới - Quảng Bình,2026-05-01 - Thứ 6,1,"50,00%",,,,,,,,,,
92,Kho Giao Hàng Nặng - Thạch Linh - Hà Tĩnh,2026-05-01 - Thứ 6,4,"14,29%",,,,,,,,,,
93,Kho Giao Hàng Nặng - Buôn Hồ - Đắk Lắk,2026-05-01 - Thứ 6,1,"4,00%",,,,,,,,,,
94,Kho Giao Hàng Nặng - Hương Thủy - Huế,2026-05-01 - Thứ 6,6,"4,41%",,,,,,,,,,
95,Kho Giao Hàng Nặng - Tuy Phong - Bình Thuận,2026-05-01 - Thứ 6,0,"0,00%",,,,,,,,,,
96,Kho Giao Hàng Nặng - Hội An - Quảng Nam,2026-05-01 - Thứ 6,1,"100,00%",,,,,,,,,,
97,Kho Giao Hàng Nặng - Phan Rang - Ninh Thuận,2026-05-01 - Thứ 6,11,"8,27%",,,,,,,,,,
98,Kho Giao Hàng Nặng - Gia Nghĩa - Đắk Nông,2026-05-01 - Thứ 6,2,"2,74%",,,,,,,,,,
99,Kho Giao Hàng Nặng - Hoài Nhơn - Bình Định,2026-05-01 - Thứ 6,3,"10,71%",,,,,,,,,,
100,Kho Giao Hàng Nặng - Buôn Ma Thuột - Đắk Lắk,2026-04-30 - Thứ 5,5,"3,57%",,,,,,,,,,
101,Kho Giao Hàng Nặng - Quảng Ngãi - Quảng Ngãi,2026-04-30 - Thứ 5,2,"2,94%",,,,,,,,,,
102,Kho Giao Hàng Nặng - Thắng Lợi - Kon Tum,2026-04-30 - Thứ 5,3,"5,17%",,,,,,,,,,
103,Kho Giao Hàng Nặng - Phan Rang - Ninh Thuận,2026-04-30 - Thứ 5,2,"40,00%",,,,,,,,,,
104,Kho Giao Hàng Nặng - Hương Thủy - Huế,2026-04-30 - Thứ 5,3,"2,04%",,,,,,,,,,
105,Kho Giao Hàng Nặng - Hội An - Quảng Nam,2026-04-30 - Thứ 5,5,"5,05%",,,,,,,,,,
106,Kho Giao Hàng Nặng - Tuy Hoà - Phú Yên,2026-04-30 - Thứ 5,4,"4,49%",,,,,,,,,,
107,Kho Giao Hàng Nặng - Vinh - Nghệ An,2026-04-30 - Thứ 5,11,"9,82%",,,,,,,,,,
108,Kho Giao Hàng Nặng - Đông Thọ - Thanh Hoá,2026-04-30 - Thứ 5,8,"8,79%",,,,,,,,,,
109,Kho Giao Hàng Nặng - Buôn Hồ - Đắk Lắk,2026-04-30 - Thứ 5,1,"3,57%",,,,,,,,,,
110,Kho Giao Hàng Nặng - La Gi - Bình Thuận,2026-04-30 - Thứ 5,1,"1,56%",,,,,,,,,,
111,Kho Giao Hàng Nặng - Pleiku - Gia Lai,2026-04-30 - Thứ 5,5,"3,85%",,,,,,,,,,
112,Kho Giao Hàng Nặng - Tam Kỳ - Quảng Nam,2026-04-30 - Thứ 5,0,"0,00%",,,,,,,,,,
113,Kho Giao Hàng Nặng - Gia Nghĩa - Đắk Nông,2026-04-30 - Thứ 5,2,"100,00%",,,,,,,,,,
114,Kho Giao Hàng Nặng - Hoà Xuân - Đà Nẵng,2026-04-30 - Thứ 5,12,"5,63%",,,,,,,,,,
115,Kho Giao Hàng Nặng - Thạch Linh - Hà Tĩnh,2026-04-30 - Thứ 5,2,"3,23%",,,,,,,,,,
116,Kho Giao Hàng Nặng - Tuy Phong - Bình Thuận,2026-04-30 - Thứ 5,3,"7,50%",,,,,,,,,,
117,Kho Giao Hàng Nặng - Đông Hà - Quảng Trị,2026-04-30 - Thứ 5,0,"0,00%",,,,,,,,,,
118,Kho Giao Hàng Nặng - Cam Ranh - Khánh Hoà,2026-04-30 - Thứ 5,2,"2,02%",,,,,,,,,,
119,Kho Giao Hàng Nặng - Hoài Nhơn - Bình Định,2026-04-30 - Thứ 5,1,"2,22%",,,,,,,,,,
120,Kho Giao Hàng Nặng - Liên Chiểu - Đà Nẵng,2026-04-30 - Thứ 5,5,"2,07%",,,,,,,,,,
121,Kho Giao Hàng Nặng - Nha Trang - Khánh Hoà,2026-04-30 - Thứ 5,15,"4,98%",,,,,,,,,,
122,Kho Giao Hàng Nặng - Phan Thiết - Bình Thuận,2026-04-30 - Thứ 5,10,"6,94%",,,,,,,,,,
123,Kho Giao Hàng Nặng - Đồng Hới - Quảng Bình,2026-04-30 - Thứ 5,1,"2,86%",,,,,,,,,,
124,Kho Giao Hàng Nặng - Buôn Ma Thuột - Đắk Lắk,2026-04-29 - Thứ 4,9,"4,31%",,,,,,,,,,
125,Kho Giao Hàng Nặng - Hương Thủy - Huế,2026-04-29 - Thứ 4,3,"1,37%",,,,,,,,,,
126,Kho Giao Hàng Nặng - Tam Kỳ - Quảng Nam,2026-04-29 - Thứ 4,2,"2,67%",,,,,,,,,,
127,Kho Giao Hàng Nặng - Tuy Hoà - Phú Yên,2026-04-29 - Thứ 4,3,"2,59%",,,,,,,,,,
128,Kho Giao Hàng Nặng - Tuy Phong - Bình Thuận,2026-04-29 - Thứ 4,3,"4,35%",,,,,,,,,,
129,Kho Giao Hàng Nặng - Hoài Nhơn - Bình Định,2026-04-29 - Thứ 4,4,"5,80%",,,,,,,,,,
130,Kho Giao Hàng Nặng - Quảng Ngãi - Quảng Ngãi,2026-04-29 - Thứ 4,3,"2,68%",,,,,,,,,,
131,Kho Giao Hàng Nặng - Đông Hà - Quảng Trị,2026-04-29 - Thứ 4,1,"2,33%",,,,,,,,,,
132,Kho Giao Hàng Nặng - Thắng Lợi - Kon Tum,2026-04-29 - Thứ 4,1,"1,37%",,,,,,,,,,
133,Kho Giao Hàng Nặng - Đông Thọ - Thanh Hoá,2026-04-29 - Thứ 4,4,"3,17%",,,,,,,,,,
134,Kho Giao Hàng Nặng - La Gi - Bình Thuận,2026-04-29 - Thứ 4,5,"11,63%",,,,,,,,,,
135,Kho Giao Hàng Nặng - Buôn Hồ - Đắk Lắk,2026-04-29 - Thứ 4,2,"4,08%",,,,,,,,,,
136,Kho Giao Hàng Nặng - Nha Trang - Khánh Hoà,2026-04-29 - Thứ 4,13,"3,66%",,,,,,,,,,
137,Kho Giao Hàng Nặng - Phan Thiết - Bình Thuận,2026-04-29 - Thứ 4,4,"3,15%",,,,,,,,,,
138,Kho Giao Hàng Nặng - Quy Nhơn - Bình Định,2026-04-29 - Thứ 4,16,"7,05%",,,,,,,,,,
139,Kho Giao Hàng Nặng - Gia Nghĩa - Đắk Nông,2026-04-29 - Thứ 4,3,"6,12%",,,,,,,,,,
140,Kho Giao Hàng Nặng - Hoà Xuân - Đà Nẵng,2026-04-29 - Thứ 4,5,"2,27%",,,,,,,,,,
141,Kho Giao Hàng Nặng - Liên Chiểu - Đà Nẵng,2026-04-29 - Thứ 4,20,"5,35%",,,,,,,,,,
142,Kho Giao Hàng Nặng - Phan Rang - Ninh Thuận,2026-04-29 - Thứ 4,3,"2,16%",,,,,,,,,,
143,Kho Giao Hàng Nặng - Pleiku - Gia Lai,2026-04-29 - Thứ 4,7,"3,87%",,,,,,,,,,
144,Kho Giao Hàng Nặng - Đồng Hới - Quảng Bình,2026-04-29 - Thứ 4,3,"3,33%",,,,,,,,,,
145,Kho Giao Hàng Nặng - Cam Ranh - Khánh Hoà,2026-04-29 - Thứ 4,4,"5,06%",,,,,,,,,,
146,Kho Giao Hàng Nặng - Hội An - Quảng Nam,2026-04-29 - Thứ 4,2,"1,44%",,,,,,,,,,
147,Kho Giao Hàng Nặng - Thạch Linh - Hà Tĩnh,2026-04-29 - Thứ 4,6,"9,68%",,,,,,,,,,
148,Kho Giao Hàng Nặng - Vinh - Nghệ An,2026-04-29 - Thứ 4,11,"4,60%",,,,,,,,,,
149,Kho Giao Hàng Nặng - Đồng Hới - Quảng Bình,2026-04-28 - Thứ 3,3,"2,73%",,,,,,,,,,
150,Kho Giao Hàng Nặng - Thắng Lợi - Kon Tum,2026-04-28 - Thứ 3,1,"2,44%",,,,,,,,,,
151,Kho Giao Hàng Nặng - Tam Kỳ - Quảng Nam,2026-04-28 - Thứ 3,4,"11,11%",,,,,,,,,,
152,Kho Giao Hàng Nặng - Đông Thọ - Thanh Hoá,2026-04-28 - Thứ 3,7,"3,24%",,,,,,,,,,
153,Kho Giao Hàng Nặng - Phan Thiết - Bình Thuận,2026-04-28 - Thứ 3,6,"3,85%",,,,,,,,,,
154,Kho Giao Hàng Nặng - Thạch Linh - Hà Tĩnh,2026-04-28 - Thứ 3,5,"5,62%",,,,,,,,,,
155,Kho Giao Hàng Nặng - Hương Thủy - Huế,2026-04-28 - Thứ 3,6,"6,12%",,,,,,,,,,
156,Kho Giao Hàng Nặng - Tuy Hoà - Phú Yên,2026-04-28 - Thứ 3,4,"3,96%",,,,,,,,,,
157,Kho Giao Hàng Nặng - Hoà Xuân - Đà Nẵng,2026-04-28 - Thứ 3,6,"2,58%",,,,,,,,,,
158,Kho Giao Hàng Nặng - Đông Hà - Quảng Trị,2026-04-28 - Thứ 3,2,"5,41%",,,,,,,,,,
159,Kho Giao Hàng Nặng - Quy Nhơn - Bình Định,2026-04-28 - Thứ 3,7,"3,70%",,,,,,,,,,
160,Kho Giao Hàng Nặng - Pleiku - Gia Lai,2026-04-28 - Thứ 3,5,"7,69%",,,,,,,,,,
161,Kho Giao Hàng Nặng - Vinh - Nghệ An,2026-04-28 - Thứ 3,13,"4,96%",,,,,,,,,,
162,Kho Giao Hàng Nặng - Quảng Ngãi - Quảng Ngãi,2026-04-28 - Thứ 3,1,"1,28%",,,,,,,,,,
163,Kho Giao Hàng Nặng - Hội An - Quảng Nam,2026-04-28 - Thứ 3,6,"3,75%",,,,,,,,,,
164,Kho Giao Hàng Nặng - Tuy Phong - Bình Thuận,2026-04-28 - Thứ 3,5,"7,04%",,,,,,,,,,
165,Kho Giao Hàng Nặng - Buôn Ma Thuột - Đắk Lắk,2026-04-28 - Thứ 3,17,"6,88%",,,,,,,,,,
166,Kho Giao Hàng Nặng - Nha Trang - Khánh Hoà,2026-04-28 - Thứ 3,15,"4,44%",,,,,,,,,,
167,Kho Giao Hàng Nặng - Cam Ranh - Khánh Hoà,2026-04-28 - Thứ 3,4,"5,06%",,,,,,,,,,
168,Kho Giao Hàng Nặng - Buôn Hồ - Đắk Lắk,2026-04-28 - Thứ 3,0,"0,00%",,,,,,,,,,
169,Kho Giao Hàng Nặng - Liên Chiểu - Đà Nẵng,2026-04-28 - Thứ 3,8,"1,55%",,,,,,,,,,
170,Kho Giao Hàng Nặng - Phan Rang - Ninh Thuận,2026-04-28 - Thứ 3,5,"3,68%",,,,,,,,,,
171,Kho Giao Hàng Nặng - La Gi - Bình Thuận,2026-04-28 - Thứ 3,2,"2,82%",,,,,,,,,,
172,Kho Giao Hàng Nặng - Gia Nghĩa - Đắk Nông,2026-04-28 - Thứ 3,4,"8,89%",,,,,,,,,,
173,Kho Giao Hàng Nặng - Hoài Nhơn - Bình Định,2026-04-28 - Thứ 3,1,"3,33%",,,,,,,,,,
174,Kho Giao Hàng Nặng - Gia Nghĩa - Đắk Nông,2026-04-27 - Thứ 2,2,"3,51%",,,,,,,,,,
175,Kho Giao Hàng Nặng - Hoà Xuân - Đà Nẵng,2026-04-27 - Thứ 2,8,"3,27%",,,,,,,,,,
176,Kho Giao Hàng Nặng - Tam Kỳ - Quảng Nam,2026-04-27 - Thứ 2,5,"4,76%",,,,,,,,,,
177,Kho Giao Hàng Nặng - Vinh - Nghệ An,2026-04-27 - Thứ 2,9,"4,15%",,,,,,,,,,
178,Kho Giao Hàng Nặng - Đông Hà - Quảng Trị,2026-04-27 - Thứ 2,3,"5,00%",,,,,,,,,,
179,Kho Giao Hàng Nặng - Buôn Hồ - Đắk Lắk,2026-04-27 - Thứ 2,7,"8,86%",,,,,,,,,,
180,Kho Giao Hàng Nặng - Cam Ranh - Khánh Hoà,2026-04-27 - Thứ 2,3,"3,30%",,,,,,,,,,
181,Kho Giao Hàng Nặng - Hương Thủy - Huế,2026-04-27 - Thứ 2,6,"2,15%",,,,,,,,,,
182,Kho Giao Hàng Nặng - Pleiku - Gia Lai,2026-04-27 - Thứ 2,8,"3,86%",,,,,,,,,,
183,Kho Giao Hàng Nặng - Nha Trang - Khánh Hoà,2026-04-27 - Thứ 2,16,"3,66%",,,,,,,,,,
184,Kho Giao Hàng Nặng - Phan Rang - Ninh Thuận,2026-04-27 - Thứ 2,5,"4,07%",,,,,,,,,,
185,Kho Giao Hàng Nặng - Thắng Lợi - Kon Tum,2026-04-27 - Thứ 2,2,"2,06%",,,,,,,,,,
186,Kho Giao Hàng Nặng - Tuy Hoà - Phú Yên,2026-04-27 - Thứ 2,2,"1,68%",,,,,,,,,,
187,Kho Giao Hàng Nặng - Hoài Nhơn - Bình Định,2026-04-27 - Thứ 2,2,"2,17%",,,,,,,,,,
188,Kho Giao Hàng Nặng - Hội An - Quảng Nam,2026-04-27 - Thứ 2,10,"6,94%",,,,,,,,,,
189,Kho Giao Hàng Nặng - Phan Thiết - Bình Thuận,2026-04-27 - Thứ 2,4,"2,55%",,,,,,,,,,
190,Kho Giao Hàng Nặng - Quy Nhơn - Bình Định,2026-04-27 - Thứ 2,6,"2,17%",,,,,,,,,,
191,Kho Giao Hàng Nặng - Đông Thọ - Thanh Hoá,2026-04-27 - Thứ 2,4,"2,13%",,,,,,,,,,
192,Kho Giao Hàng Nặng - Đồng Hới - Quảng Bình,2026-04-27 - Thứ 2,1,"1,20%",,,,,,,,,,
193,Kho Giao Hàng Nặng - Buôn Ma Thuột - Đắk Lắk,2026-04-27 - Thứ 2,12,"3,88%",,,,,,,,,,
194,Kho Giao Hàng Nặng - Liên Chiểu - Đà Nẵng,2026-04-27 - Thứ 2,10,"3,75%",,,,,,,,,,
195,Kho Giao Hàng Nặng - Quảng Ngãi - Quảng Ngãi,2026-04-27 - Thứ 2,4,"2,41%",,,,,,,,,,
196,Kho Giao Hàng Nặng - Thạch Linh - Hà Tĩnh,2026-04-27 - Thứ 2,2,"2,78%",,,,,,,,,,
197,Kho Giao Hàng Nặng - La Gi - Bình Thuận,2026-04-27 - Thứ 2,2,"2,44%",,,,,,,,,,
198,Kho Giao Hàng Nặng - Tuy Phong - Bình Thuận,2026-04-27 - Thứ 2,4,"3,85%",,,,,,,,,,
199,Kho Giao Hàng Nặng - Hoà Xuân - Đà Nẵng,2026-04-26 - CN,10,"4,85%",,,,,,,,,,
200,Kho Giao Hàng Nặng - Hương Thủy - Huế,2026-04-26 - CN,2,"1,34%",,,,,,,,,,
201,Kho Giao Hàng Nặng - Hội An - Quảng Nam,2026-04-26 - CN,6,"4,23%",,,,,,,,,,
202,Kho Giao Hàng Nặng - Nha Trang - Khánh Hoà,2026-04-26 - CN,19,"6,29%",,,,,,,,,,
203,Kho Giao Hàng Nặng - Tuy Hoà - Phú Yên,2026-04-26 - CN,6,"7,89%",,,,,,,,,,
204,Kho Giao Hàng Nặng - Quảng Ngãi - Quảng Ngãi,2026-04-26 - CN,4,"3,51%",,,,,,,,,,
205,Kho Giao Hàng Nặng - Phan Rang - Ninh Thuận,2026-04-26 - CN,5,"4,63%",,,,,,,,,,
206,Kho Giao Hàng Nặng - Pleiku - Gia Lai,2026-04-26 - CN,10,"6,71%",,,,,,,,,,
207,Kho Giao Hàng Nặng - Hoài Nhơn - Bình Định,2026-04-26 - CN,0,"0,00%",,,,,,,,,,
208,Kho Giao Hàng Nặng - Đông Hà - Quảng Trị,2026-04-26 - CN,3,"7,32%",,,,,,,,,,
209,Kho Giao Hàng Nặng - Buôn Hồ - Đắk Lắk,2026-04-26 - CN,1,"2,22%",,,,,,,,,,
210,Kho Giao Hàng Nặng - Buôn Ma Thuột - Đắk Lắk,2026-04-26 - CN,8,"3,24%",,,,,,,,,,
211,Kho Giao Hàng Nặng - Cam Ranh - Khánh Hoà,2026-04-26 - CN,0,"0,00%",,,,,,,,,,
212,Kho Giao Hàng Nặng - La Gi - Bình Thuận,2026-04-26 - CN,3,"3,85%",,,,,,,,,,
213,Kho Giao Hàng Nặng - Liên Chiểu - Đà Nẵng,2026-04-26 - CN,11,"3,05%",,,,,,,,,,
214,Kho Giao Hàng Nặng - Tam Kỳ - Quảng Nam,2026-04-26 - CN,2,"2,60%",,,,,,,,,,
215,Kho Giao Hàng Nặng - Tuy Phong - Bình Thuận,2026-04-26 - CN,1,"2,08%",,,,,,,,,,
216,Kho Giao Hàng Nặng - Vinh - Nghệ An,2026-04-26 - CN,17,"7,49%",,,,,,,,,,
217,Kho Giao Hàng Nặng - Đông Thọ - Thanh Hoá,2026-04-26 - CN,10,"5,18%",,,,,,,,,,
218,Kho Giao Hàng Nặng - Đồng Hới - Quảng Bình,2026-04-26 - CN,2,"4,44%",,,,,,,,,,
219,Kho Giao Hàng Nặng - Phan Thiết - Bình Thuận,2026-04-26 - CN,5,"3,27%",,,,,,,,,,
220,Kho Giao Hàng Nặng - Quy Nhơn - Bình Định,2026-04-26 - CN,7,"2,99%",,,,,,,,,,
221,Kho Giao Hàng Nặng - Thạch Linh - Hà Tĩnh,2026-04-26 - CN,5,"8,77%",,,,,,,,,,
222,Kho Giao Hàng Nặng - Thắng Lợi - Kon Tum,2026-04-26 - CN,3,"2,70%",,,,,,,,,,
223,Kho Giao Hàng Nặng - Gia Nghĩa - Đắk Nông,2026-04-26 - CN,1,"1,92%",,,,,,,,,,
224,Kho Giao Hàng Nặng - Tam Kỳ - Quảng Nam,2026-04-25 - Thứ 7,4,"6,06%",,,,,,,,,,
225,Kho Giao Hàng Nặng - Đồng Hới - Quảng Bình,2026-04-25 - Thứ 7,5,"6,02%",,,,,,,,,,
226,Kho Giao Hàng Nặng - Hội An - Quảng Nam,2026-04-25 - Thứ 7,5,"3,03%",,,,,,,,,,
227,Kho Giao Hàng Nặng - Quy Nhơn - Bình Định,2026-04-25 - Thứ 7,11,"5,21%",,,,,,,,,,
228,Kho Giao Hàng Nặng - Quảng Ngãi - Quảng Ngãi,2026-04-25 - Thứ 7,2,"1,98%",,,,,,,,,,
229,Kho Giao Hàng Nặng - Đông Hà - Quảng Trị,2026-04-25 - Thứ 7,4,"7,02%",,,,,,,,,,
230,Kho Giao Hàng Nặng - Cam Ranh - Khánh Hoà,2026-04-25 - Thứ 7,4,"4,08%",,,,,,,,,,
231,Kho Giao Hàng Nặng - Hoà Xuân - Đà Nẵng,2026-04-25 - Thứ 7,24,"8,70%",,,,,,,,,,
232,Kho Giao Hàng Nặng - La Gi - Bình Thuận,2026-04-25 - Thứ 7,2,"2,25%",,,,,,,,,,
233,Kho Giao Hàng Nặng - Liên Chiểu - Đà Nẵng,2026-04-25 - Thứ 7,5,"1,16%",,,,,,,,,,
234,Kho Giao Hàng Nặng - Pleiku - Gia Lai,2026-04-25 - Thứ 7,8,"4,73%",,,,,,,,,,
235,Kho Giao Hàng Nặng - Thạch Linh - Hà Tĩnh,2026-04-25 - Thứ 7,3,"5,00%",,,,,,,,,,
236,Kho Giao Hàng Nặng - Gia Nghĩa - Đắk Nông,2026-04-25 - Thứ 7,3,"7,89%",,,,,,,,,,
237,Kho Giao Hàng Nặng - Buôn Hồ - Đắk Lắk,2026-04-25 - Thứ 7,11,"16,67%",,,,,,,,,,
238,Kho Giao Hàng Nặng - Buôn Ma Thuột - Đắk Lắk,2026-04-25 - Thứ 7,5,"2,56%",,,,,,,,,,
239,Kho Giao Hàng Nặng - Hoài Nhơn - Bình Định,2026-04-25 - Thứ 7,2,"2,41%",,,,,,,,,,
240,Kho Giao Hàng Nặng - Nha Trang - Khánh Hoà,2026-04-25 - Thứ 7,15,"4,14%",,,,,,,,,,
241,Kho Giao Hàng Nặng - Phan Thiết - Bình Thuận,2026-04-25 - Thứ 7,2,"1,25%",,,,,,,,,,
242,Kho Giao Hàng Nặng - Tuy Phong - Bình Thuận,2026-04-25 - Thứ 7,3,"5,77%",,,,,,,,,,
243,Kho Giao Hàng Nặng - Đông Thọ - Thanh Hoá,2026-04-25 - Thứ 7,6,"3,66%",,,,,,,,,,
244,Kho Giao Hàng Nặng - Hương Thủy - Huế,2026-04-25 - Thứ 7,5,"2,30%",,,,,,,,,,
245,Kho Giao Hàng Nặng - Phan Rang - Ninh Thuận,2026-04-25 - Thứ 7,7,"6,42%",,,,,,,,,,
246,Kho Giao Hàng Nặng - Tuy Hoà - Phú Yên,2026-04-25 - Thứ 7,4,"4,17%",,,,,,,,,,
247,Kho Giao Hàng Nặng - Vinh - Nghệ An,2026-04-25 - Thứ 7,16,"6,75%",,,,,,,,,,
248,Kho Giao Hàng Nặng - Thắng Lợi - Kon Tum,2026-04-25 - Thứ 7,1,"2,08%",,,,,,,,,,
249,Kho Giao Hàng Nặng - Cam Ranh - Khánh Hoà,2026-04-24 - Thứ 6,3,"2,86%",,,,,,,,,,
250,Kho Giao Hàng Nặng - Phan Thiết - Bình Thuận,2026-04-24 - Thứ 6,5,"2,96%",,,,,,,,,,
251,Kho Giao Hàng Nặng - Pleiku - Gia Lai,2026-04-24 - Thứ 6,4,"2,82%",,,,,,,,,,
252,Kho Giao Hàng Nặng - Vinh - Nghệ An,2026-04-24 - Thứ 6,11,"4,40%",,,,,,,,,,
253,Kho Giao Hàng Nặng - Gia Nghĩa - Đắk Nông,2026-04-24 - Thứ 6,4,"5,88%",,,,,,,,,,
254,Kho Giao Hàng Nặng - Hương Thủy - Huế,2026-04-24 - Thứ 6,5,"1,88%",,,,,,,,,,
255,Kho Giao Hàng Nặng - Nha Trang - Khánh Hoà,2026-04-24 - Thứ 6,17,"3,59%",,,,,,,,,,
256,Kho Giao Hàng Nặng - Quảng Ngãi - Quảng Ngãi,2026-04-24 - Thứ 6,3,"1,95%",,,,,,,,,,
257,Kho Giao Hàng Nặng - Buôn Hồ - Đắk Lắk,2026-04-24 - Thứ 6,3,"4,84%",,,,,,,,,,
258,Kho Giao Hàng Nặng - Phan Rang - Ninh Thuận,2026-04-24 - Thứ 6,3,"2,44%",,,,,,,,,,
259,Kho Giao Hàng Nặng - Quy Nhơn - Bình Định,2026-04-24 - Thứ 6,7,"2,87%",,,,,,,,,,
260,Kho Giao Hàng Nặng - Tam Kỳ - Quảng Nam,2026-04-24 - Thứ 6,7,"7,07%",,,,,,,,,,
261,Kho Giao Hàng Nặng - Tuy Phong - Bình Thuận,2026-04-24 - Thứ 6,5,"5,68%",,,,,,,,,,
262,Kho Giao Hàng Nặng - Đông Hà - Quảng Trị,2026-04-24 - Thứ 6,4,"6,90%",,,,,,,,,,
263,Kho Giao Hàng Nặng - Hội An - Quảng Nam,2026-04-24 - Thứ 6,8,"5,03%",,,,,,,,,,
264,Kho Giao Hàng Nặng - La Gi - Bình Thuận,2026-04-24 - Thứ 6,5,"7,58%",,,,,,,,,,
265,Kho Giao Hàng Nặng - Liên Chiểu - Đà Nẵng,2026-04-24 - Thứ 6,13,"2,83%",,,,,,,,,,
266,Kho Giao Hàng Nặng - Thạch Linh - Hà Tĩnh,2026-04-24 - Thứ 6,4,"4,71%",,,,,,,,,,
267,Kho Giao Hàng Nặng - Thắng Lợi - Kon Tum,2026-04-24 - Thứ 6,5,"5,68%",,,,,,,,,,
268,Kho Giao Hàng Nặng - Đồng Hới - Quảng Bình,2026-04-24 - Thứ 6,4,"3,20%",,,,,,,,,,
269,Kho Giao Hàng Nặng - Hoà Xuân - Đà Nẵng,2026-04-24 - Thứ 6,19,"5,90%",,,,,,,,,,
270,Kho Giao Hàng Nặng - Tuy Hoà - Phú Yên,2026-04-24 - Thứ 6,3,"3,09%",,,,,,,,,,
271,Kho Giao Hàng Nặng - Hoài Nhơn - Bình Định,2026-04-24 - Thứ 6,0,"0,00%",,,,,,,,,,
272,Kho Giao Hàng Nặng - Buôn Ma Thuột - Đắk Lắk,2026-04-24 - Thứ 6,10,"3,52%",,,,,,,,,,
273,Kho Giao Hàng Nặng - Đông Thọ - Thanh Hoá,2026-04-24 - Thứ 6,6,"3,31%",,,,,,,,,,
274,Kho Giao Hàng Nặng - Hương Thủy - Huế,2026-04-23 - Thứ 5,5,"1,61%",,,,,,,,,,
275,Kho Giao Hàng Nặng - Phan Thiết - Bình Thuận,2026-04-23 - Thứ 5,8,"4,00%",,,,,,,,,,
276,Kho Giao Hàng Nặng - Đông Hà - Quảng Trị,2026-04-23 - Thứ 5,1,"1,32%",,,,,,,,,,
277,Kho Giao Hàng Nặng - Đông Thọ - Thanh Hoá,2026-04-23 - Thứ 5,10,"5,24%",,,,,,,,,,
278,Kho Giao Hàng Nặng - Buôn Hồ - Đắk Lắk,2026-04-23 - Thứ 5,5,"6,33%",,,,,,,,,,
279,Kho Giao Hàng Nặng - Buôn Ma Thuột - Đắk Lắk,2026-04-23 - Thứ 5,27,"7,22%",,,,,,,,,,
280,Kho Giao Hàng Nặng - Nha Trang - Khánh Hoà,2026-04-23 - Thứ 5,21,"4,66%",,,,,,,,,,
281,Kho Giao Hàng Nặng - Pleiku - Gia Lai,2026-04-23 - Thứ 5,4,"1,79%",,,,,,,,,,
282,Kho Giao Hàng Nặng - Quy Nhơn - Bình Định,2026-04-23 - Thứ 5,4,"1,53%",,,,,,,,,,
283,Kho Giao Hàng Nặng - Hoài Nhơn - Bình Định,2026-04-23 - Thứ 5,0,"0,00%",,,,,,,,,,
284,Kho Giao Hàng Nặng - Hội An - Quảng Nam,2026-04-23 - Thứ 5,8,"4,91%",,,,,,,,,,
285,Kho Giao Hàng Nặng - Liên Chiểu - Đà Nẵng,2026-04-23 - Thứ 5,11,"2,30%",,,,,,,,,,
286,Kho Giao Hàng Nặng - Thạch Linh - Hà Tĩnh,2026-04-23 - Thứ 5,2,"2,38%",,,,,,,,,,
287,Kho Giao Hàng Nặng - Thắng Lợi - Kon Tum,2026-04-23 - Thứ 5,3,"2,68%",,,,,,,,,,
288,Kho Giao Hàng Nặng - Tuy Phong - Bình Thuận,2026-04-23 - Thứ 5,6,"6,67%",,,,,,,,,,
289,Kho Giao Hàng Nặng - Vinh - Nghệ An,2026-04-23 - Thứ 5,22,"8,03%",,,,,,,,,,
290,Kho Giao Hàng Nặng - Cam Ranh - Khánh Hoà,2026-04-23 - Thứ 5,6,"5,31%",,,,,,,,,,
291,Kho Giao Hàng Nặng - Hoà Xuân - Đà Nẵng,2026-04-23 - Thứ 5,13,"3,98%",,,,,,,,,,
292,Kho Giao Hàng Nặng - Phan Rang - Ninh Thuận,2026-04-23 - Thứ 5,11,"7,24%",,,,,,,,,,
293,Kho Giao Hàng Nặng - Quảng Ngãi - Quảng Ngãi,2026-04-23 - Thứ 5,1,"0,88%",,,,,,,,,,
294,Kho Giao Hàng Nặng - Tam Kỳ - Quảng Nam,2026-04-23 - Thứ 5,3,"3,30%",,,,,,,,,,
295,Kho Giao Hàng Nặng - Gia Nghĩa - Đắk Nông,2026-04-23 - Thứ 5,2,"2,99%",,,,,,,,,,
296,Kho Giao Hàng Nặng - La Gi - Bình Thuận,2026-04-23 - Thứ 5,4,"4,12%",,,,,,,,,,
297,Kho Giao Hàng Nặng - Tuy Hoà - Phú Yên,2026-04-23 - Thứ 5,1,"0,83%",,,,,,,,,,
298,Kho Giao Hàng Nặng - Đồng Hới - Quảng Bình,2026-04-23 - Thứ 5,3,"3,06%",,,,,,,,,,
299,Kho Giao Hàng Nặng - Cam Ranh - Khánh Hoà,2026-04-22 - Thứ 4,6,"5,56%",,,,,,,,,,
300,Kho Giao Hàng Nặng - Liên Chiểu - Đà Nẵng,2026-04-22 - Thứ 4,13,"3,21%",,,,,,,,,,
301,Kho Giao Hàng Nặng - Phan Thiết - Bình Thuận,2026-04-22 - Thứ 4,13,"7,51%",,,,,,,,,,
302,Kho Giao Hàng Nặng - Thạch Linh - Hà Tĩnh,2026-04-22 - Thứ 4,6,"7,06%",,,,,,,,,,
303,Kho Giao Hàng Nặng - Đông Hà - Quảng Trị,2026-04-22 - Thứ 4,0,"0,00%",,,,,,,,,,
304,Kho Giao Hàng Nặng - Buôn Ma Thuột - Đắk Lắk,2026-04-22 - Thứ 4,7,"2,79%",,,,,,,,,,
305,Kho Giao Hàng Nặng - Gia Nghĩa - Đắk Nông,2026-04-22 - Thứ 4,4,"6,06%",,,,,,,,,,
306,Kho Giao Hàng Nặng - Thắng Lợi - Kon Tum,2026-04-22 - Thứ 4,3,"3,61%",,,,,,,,,,
307,Kho Giao Hàng Nặng - Đồng Hới - Quảng Bình,2026-04-22 - Thứ 4,4,"4,17%",,,,,,,,,,
308,Kho Giao Hàng Nặng - Buôn Hồ - Đắk Lắk,2026-04-22 - Thứ 4,1,"1,23%",,,,,,,,,,
309,Kho Giao Hàng Nặng - Phan Rang - Ninh Thuận,2026-04-22 - Thứ 4,3,"2,26%",,,,,,,,,,
310,Kho Giao Hàng Nặng - Quy Nhơn - Bình Định,2026-04-22 - Thứ 4,17,"5,12%",,,,,,,,,,
311,Kho Giao Hàng Nặng - Tam Kỳ - Quảng Nam,2026-04-22 - Thứ 4,2,"1,90%",,,,,,,,,,
312,Kho Giao Hàng Nặng - Tuy Phong - Bình Thuận,2026-04-22 - Thứ 4,3,"3,95%",,,,,,,,,,
313,Kho Giao Hàng Nặng - Hoà Xuân - Đà Nẵng,2026-04-22 - Thứ 4,12,"4,90%",,,,,,,,,,
314,Kho Giao Hàng Nặng - Hoài Nhơn - Bình Định,2026-04-22 - Thứ 4,3,"4,29%",,,,,,,,,,
315,Kho Giao Hàng Nặng - Pleiku - Gia Lai,2026-04-22 - Thứ 4,6,"2,86%",,,,,,,,,,
316,Kho Giao Hàng Nặng - Quảng Ngãi - Quảng Ngãi,2026-04-22 - Thứ 4,2,"1,60%",,,,,,,,,,
317,Kho Giao Hàng Nặng - Tuy Hoà - Phú Yên,2026-04-22 - Thứ 4,2,"1,96%",,,,,,,,,,
318,Kho Giao Hàng Nặng - Vinh - Nghệ An,2026-04-22 - Thứ 4,6,"2,52%",,,,,,,,,,
319,Kho Giao Hàng Nặng - Hương Thủy - Huế,2026-04-22 - Thứ 4,13,"3,80%",,,,,,,,,,
320,Kho Giao Hàng Nặng - Hội An - Quảng Nam,2026-04-22 - Thứ 4,6,"3,51%",,,,,,,,,,
321,Kho Giao Hàng Nặng - La Gi - Bình Thuận,2026-04-22 - Thứ 4,2,"1,64%",,,,,,,,,,
322,Kho Giao Hàng Nặng - Nha Trang - Khánh Hoà,2026-04-22 - Thứ 4,14,"3,69%",,,,,,,,,,
323,Kho Giao Hàng Nặng - Đông Thọ - Thanh Hoá,2026-04-22 - Thứ 4,11,"6,04%",,,,,,,,,,
324,Kho Giao Hàng Nặng - Hoà Xuân - Đà Nẵng,2026-04-21 - Thứ 3,4,"3,57%",,,,,,,,,,
325,Kho Giao Hàng Nặng - Liên Chiểu - Đà Nẵng,2026-04-21 - Thứ 3,7,"2,21%",,,,,,,,,,
326,Kho Giao Hàng Nặng - Vinh - Nghệ An,2026-04-21 - Thứ 3,19,"7,42%",,,,,,,,,,
327,Kho Giao Hàng Nặng - La Gi - Bình Thuận,2026-04-21 - Thứ 3,2,"4,88%",,,,,,,,,,
328,Kho Giao Hàng Nặng - Hội An - Quảng Nam,2026-04-21 - Thứ 3,3,"2,50%",,,,,,,,,,
329,Kho Giao Hàng Nặng - Tuy Phong - Bình Thuận,2026-04-21 - Thứ 3,4,"4,35%",,,,,,,,,,
330,Kho Giao Hàng Nặng - Buôn Hồ - Đắk Lắk,2026-04-21 - Thứ 3,1,"4,00%",,,,,,,,,,
331,Kho Giao Hàng Nặng - Cam Ranh - Khánh Hoà,2026-04-21 - Thứ 3,5,"11,11%",,,,,,,,,,
332,Kho Giao Hàng Nặng - Thạch Linh - Hà Tĩnh,2026-04-21 - Thứ 3,5,"12,50%",,,,,,,,,,
333,Kho Giao Hàng Nặng - Tam Kỳ - Quảng Nam,2026-04-21 - Thứ 3,3,"8,57%",,,,,,,,,,
334,Kho Giao Hàng Nặng - Pleiku - Gia Lai,2026-04-21 - Thứ 3,3,"6,25%",,,,,,,,,,
335,Kho Giao Hàng Nặng - Đông Thọ - Thanh Hoá,2026-04-21 - Thứ 3,8,"4,26%",,,,,,,,,,
336,Kho Giao Hàng Nặng - Hoài Nhơn - Bình Định,2026-04-21 - Thứ 3,3,"10,34%",,,,,,,,,,
337,Kho Giao Hàng Nặng - Quảng Ngãi - Quảng Ngãi,2026-04-21 - Thứ 3,0,"0,00%",,,,,,,,,,
338,Kho Giao Hàng Nặng - Thắng Lợi - Kon Tum,2026-04-21 - Thứ 3,1,"2,33%",,,,,,,,,,
339,Kho Giao Hàng Nặng - Hương Thủy - Huế,2026-04-21 - Thứ 3,7,"6,48%",,,,,,,,,,
340,Kho Giao Hàng Nặng - Nha Trang - Khánh Hoà,2026-04-21 - Thứ 3,8,"2,46%",,,,,,,,,,
341,Kho Giao Hàng Nặng - Phan Rang - Ninh Thuận,2026-04-21 - Thứ 3,2,"1,53%",,,,,,,,,,
342,Kho Giao Hàng Nặng - Phan Thiết - Bình Thuận,2026-04-21 - Thứ 3,9,"6,34%",,,,,,,,,,
343,Kho Giao Hàng Nặng - Gia Nghĩa - Đắk Nông,2026-04-21 - Thứ 3,3,"12,50%",,,,,,,,,,
344,Kho Giao Hàng Nặng - Đông Hà - Quảng Trị,2026-04-21 - Thứ 3,3,"8,11%",,,,,,,,,,
345,Kho Giao Hàng Nặng - Đồng Hới - Quảng Bình,2026-04-21 - Thứ 3,1,"1,89%",,,,,,,,,,
346,Kho Giao Hàng Nặng - Buôn Ma Thuột - Đắk Lắk,2026-04-21 - Thứ 3,14,"5,41%",,,,,,,,,,
347,Kho Giao Hàng Nặng - Quy Nhơn - Bình Định,2026-04-21 - Thứ 3,6,"7,23%",,,,,,,,,,
348,Kho Giao Hàng Nặng - Tuy Hoà - Phú Yên,2026-04-21 - Thứ 3,3,"4,76%",,,,,,,,,,
349,Kho Giao Hàng Nặng - Vinh - Nghệ An,2026-04-20 - Thứ 2,19,"6,19%",,,,,,,,,,
350,Kho Giao Hàng Nặng - Hoà Xuân - Đà Nẵng,2026-04-20 - Thứ 2,15,"4,45%",,,,,,,,,,
351,Kho Giao Hàng Nặng - La Gi - Bình Thuận,2026-04-20 - Thứ 2,5,"4,55%",,,,,,,,,,
352,Kho Giao Hàng Nặng - Nha Trang - Khánh Hoà,2026-04-20 - Thứ 2,26,"5,90%",,,,,,,,,,
353,Kho Giao Hàng Nặng - Pleiku - Gia Lai,2026-04-20 - Thứ 2,6,"2,73%",,,,,,,,,,
354,Kho Giao Hàng Nặng - Thạch Linh - Hà Tĩnh,2026-04-20 - Thứ 2,1,"1,43%",,,,,,,,,,
355,Kho Giao Hàng Nặng - Đồng Hới - Quảng Bình,2026-04-20 - Thứ 2,4,"5,88%",,,,,,,,,,
356,Kho Giao Hàng Nặng - Buôn Ma Thuột - Đắk Lắk,2026-04-20 - Thứ 2,16,"6,15%",,,,,,,,,,
357,Kho Giao Hàng Nặng - Cam Ranh - Khánh Hoà,2026-04-20 - Thứ 2,2,"1,96%",,,,,,,,,,
358,Kho Giao Hàng Nặng - Liên Chiểu - Đà Nẵng,2026-04-20 - Thứ 2,12,"2,95%",,,,,,,,,,
359,Kho Giao Hàng Nặng - Đông Thọ - Thanh Hoá,2026-04-20 - Thứ 2,10,"5,65%",,,,,,,,,,
360,Kho Giao Hàng Nặng - Gia Nghĩa - Đắk Nông,2026-04-20 - Thứ 2,3,"6,12%",,,,,,,,,,
361,Kho Giao Hàng Nặng - Phan Thiết - Bình Thuận,2026-04-20 - Thứ 2,11,"5,21%",,,,,,,,,,
362,Kho Giao Hàng Nặng - Quảng Ngãi - Quảng Ngãi,2026-04-20 - Thứ 2,3,"2,44%",,,,,,,,,,
363,Kho Giao Hàng Nặng - Thắng Lợi - Kon Tum,2026-04-20 - Thứ 2,6,"6,82%",,,,,,,,,,
364,Kho Giao Hàng Nặng - Buôn Hồ - Đắk Lắk,2026-04-20 - Thứ 2,1,"1,61%",,,,,,,,,,
365,Kho Giao Hàng Nặng - Hương Thủy - Huế,2026-04-20 - Thứ 2,8,"2,55%",,,,,,,,,,
366,Kho Giao Hàng Nặng - Hội An - Quảng Nam,2026-04-20 - Thứ 2,9,"5,63%",,,,,,,,,,
367,Kho Giao Hàng Nặng - Tuy Hoà - Phú Yên,2026-04-20 - Thứ 2,3,"3,03%",,,,,,,,,,
368,Kho Giao Hàng Nặng - Tuy Phong - Bình Thuận,2026-04-20 - Thứ 2,5,"4,85%",,,,,,,,,,
369,Kho Giao Hàng Nặng - Đông Hà - Quảng Trị,2026-04-20 - Thứ 2,2,"4,65%",,,,,,,,,,
370,Kho Giao Hàng Nặng - Phan Rang - Ninh Thuận,2026-04-20 - Thứ 2,11,"6,40%",,,,,,,,,,
371,Kho Giao Hàng Nặng - Quy Nhơn - Bình Định,2026-04-20 - Thứ 2,7,"3,61%",,,,,,,,,,
372,Kho Giao Hàng Nặng - Tam Kỳ - Quảng Nam,2026-04-20 - Thứ 2,3,"3,80%",,,,,,,,,,
373,Kho Giao Hàng Nặng - Hoài Nhơn - Bình Định,2026-04-20 - Thứ 2,0,"0,00%",,,,,,,,,,
374,Kho Giao Hàng Nặng - Buôn Hồ - Đắk Lắk,2026-04-19 - CN,2,"2,56%",,,,,,,,,,
375,Kho Giao Hàng Nặng - Nha Trang - Khánh Hoà,2026-04-19 - CN,19,"4,21%",,,,,,,,,,
376,Kho Giao Hàng Nặng - Phan Thiết - Bình Thuận,2026-04-19 - CN,6,"2,88%",,,,,,,,,,
377,Kho Giao Hàng Nặng - Pleiku - Gia Lai,2026-04-19 - CN,3,"3,41%",,,,,,,,,,
378,Kho Giao Hàng Nặng - Quy Nhơn - Bình Định,2026-04-19 - CN,5,"2,09%",,,,,,,,,,
379,Kho Giao Hàng Nặng - Buôn Ma Thuột - Đắk Lắk,2026-04-19 - CN,10,"3,58%",,,,,,,,,,
380,Kho Giao Hàng Nặng - Quảng Ngãi - Quảng Ngãi,2026-04-19 - CN,3,"2,42%",,,,,,,,,,
381,Kho Giao Hàng Nặng - Tuy Hoà - Phú Yên,2026-04-19 - CN,2,"1,60%",,,,,,,,,,
382,Kho Giao Hàng Nặng - Tuy Phong - Bình Thuận,2026-04-19 - CN,7,"7,37%",,,,,,,,,,
383,Kho Giao Hàng Nặng - Vinh - Nghệ An,2026-04-19 - CN,14,"4,58%",,,,,,,,,,
384,Kho Giao Hàng Nặng - Gia Nghĩa - Đắk Nông,2026-04-19 - CN,2,"3,70%",,,,,,,,,,
385,Kho Giao Hàng Nặng - Hương Thủy - Huế,2026-04-19 - CN,16,"4,41%",,,,,,,,,,
386,Kho Giao Hàng Nặng - Hội An - Quảng Nam,2026-04-19 - CN,4,"2,60%",,,,,,,,,,
387,Kho Giao Hàng Nặng - Phan Rang - Ninh Thuận,2026-04-19 - CN,8,"7,41%",,,,,,,,,,
388,Kho Giao Hàng Nặng - Tam Kỳ - Quảng Nam,2026-04-19 - CN,2,"2,04%",,,,,,,,,,
389,Kho Giao Hàng Nặng - Hoài Nhơn - Bình Định,2026-04-19 - CN,1,"2,63%",,,,,,,,,,
390,Kho Giao Hàng Nặng - Thắng Lợi - Kon Tum,2026-04-19 - CN,1,"1,33%",,,,,,,,,,
391,Kho Giao Hàng Nặng - Đông Thọ - Thanh Hoá,2026-04-19 - CN,8,"3,86%",,,,,,,,,,
392,Kho Giao Hàng Nặng - Đông Hà - Quảng Trị,2026-04-19 - CN,4,"10,53%",,,,,,,,,,
393,Kho Giao Hàng Nặng - Cam Ranh - Khánh Hoà,2026-04-19 - CN,3,"2,61%",,,,,,,,,,
394,Kho Giao Hàng Nặng - Hoà Xuân - Đà Nẵng,2026-04-19 - CN,15,"3,99%",,,,,,,,,,
395,Kho Giao Hàng Nặng - La Gi - Bình Thuận,2026-04-19 - CN,3,"4,48%",,,,,,,,,,
396,Kho Giao Hàng Nặng - Đồng Hới - Quảng Bình,2026-04-19 - CN,3,"3,49%",,,,,,,,,,
397,Kho Giao Hàng Nặng - Liên Chiểu - Đà Nẵng,2026-04-19 - CN,19,"3,94%",,,,,,,,,,
398,Kho Giao Hàng Nặng - Thạch Linh - Hà Tĩnh,2026-04-19 - CN,6,"8,11%",,,,,,,,,,
399,Kho Giao Hàng Nặng - Cam Ranh - Khánh Hoà,2026-04-18 - Thứ 7,3,"2,94%",,,,,,,,,,
400,Kho Giao Hàng Nặng - Phan Thiết - Bình Thuận,2026-04-18 - Thứ 7,8,"2,97%",,,,,,,,,,
401,Kho Giao Hàng Nặng - Tam Kỳ - Quảng Nam,2026-04-18 - Thứ 7,11,"7,14%",,,,,,,,,,
402,Kho Giao Hàng Nặng - Thạch Linh - Hà Tĩnh,2026-04-18 - Thứ 7,8,"7,21%",,,,,,,,,,
403,Kho Giao Hàng Nặng - Thắng Lợi - Kon Tum,2026-04-18 - Thứ 7,5,"4,81%",,,,,,,,,,
404,Kho Giao Hàng Nặng - Tuy Hoà - Phú Yên,2026-04-18 - Thứ 7,4,"1,94%",,,,,,,,,,
405,Kho Giao Hàng Nặng - Đông Thọ - Thanh Hoá,2026-04-18 - Thứ 7,9,"4,13%",,,,,,,,,,
406,Kho Giao Hàng Nặng - Hội An - Quảng Nam,2026-04-18 - Thứ 7,13,"6,77%",,,,,,,,,,
407,Kho Giao Hàng Nặng - Nha Trang - Khánh Hoà,2026-04-18 - Thứ 7,15,"3,11%",,,,,,,,,,
408,Kho Giao Hàng Nặng - Vinh - Nghệ An,2026-04-18 - Thứ 7,15,"7,50%",,,,,,,,,,
409,Kho Giao Hàng Nặng - Buôn Ma Thuột - Đắk Lắk,2026-04-18 - Thứ 7,12,"3,68%",,,,,,,,,,
410,Kho Giao Hàng Nặng - Gia Nghĩa - Đắk Nông,2026-04-18 - Thứ 7,6,"9,84%",,,,,,,,,,
411,Kho Giao Hàng Nặng - Hương Thủy - Huế,2026-04-18 - Thứ 7,12,"2,99%",,,,,,,,,,
412,Kho Giao Hàng Nặng - La Gi - Bình Thuận,2026-04-18 - Thứ 7,6,"5,94%",,,,,,,,,,
413,Kho Giao Hàng Nặng - Liên Chiểu - Đà Nẵng,2026-04-18 - Thứ 7,11,"2,10%",,,,,,,,,,
414,Kho Giao Hàng Nặng - Pleiku - Gia Lai,2026-04-18 - Thứ 7,5,"2,62%",,,,,,,,,,
415,Kho Giao Hàng Nặng - Hoà Xuân - Đà Nẵng,2026-04-18 - Thứ 7,10,"2,38%",,,,,,,,,,
416,Kho Giao Hàng Nặng - Phan Rang - Ninh Thuận,2026-04-18 - Thứ 7,12,"7,69%",,,,,,,,,,
417,Kho Giao Hàng Nặng - Quảng Ngãi - Quảng Ngãi,2026-04-18 - Thứ 7,5,"3,33%",,,,,,,,,,
418,Kho Giao Hàng Nặng - Đông Hà - Quảng Trị,2026-04-18 - Thứ 7,9,"10,34%",,,,,,,,,,
419,Kho Giao Hàng Nặng - Buôn Hồ - Đắk Lắk,2026-04-18 - Thứ 7,2,"2,60%",,,,,,,,,,
420,Kho Giao Hàng Nặng - Hoài Nhơn - Bình Định,2026-04-18 - Thứ 7,1,"1,20%",,,,,,,,,,
421,Kho Giao Hàng Nặng - Quy Nhơn - Bình Định,2026-04-18 - Thứ 7,6,"2,16%",,,,,,,,,,
422,Kho Giao Hàng Nặng - Tuy Phong - Bình Thuận,2026-04-18 - Thứ 7,6,"4,41%",,,,,,,,,,
423,Kho Giao Hàng Nặng - Đồng Hới - Quảng Bình,2026-04-18 - Thứ 7,6,"4,58%",,,,,,,,,,
424,Kho Giao Hàng Nặng - Buôn Ma Thuột - Đắk Lắk,2026-04-17 - Thứ 6,18,"6,47%",,,,,,,,,,
425,Kho Giao Hàng Nặng - Cam Ranh - Khánh Hoà,2026-04-17 - Thứ 6,3,"2,13%",,,,,,,,,,
426,Kho Giao Hàng Nặng - Hoài Nhơn - Bình Định,2026-04-17 - Thứ 6,2,"3,28%",,,,,,,,,,
427,Kho Giao Hàng Nặng - Phan Rang - Ninh Thuận,2026-04-17 - Thứ 6,5,"2,67%",,,,,,,,,,
428,Kho Giao Hàng Nặng - Phan Thiết - Bình Thuận,2026-04-17 - Thứ 6,12,"6,42%",,,,,,,,,,
429,Kho Giao Hàng Nặng - Tuy Hoà - Phú Yên,2026-04-17 - Thứ 6,2,"1,77%",,,,,,,,,,
430,Kho Giao Hàng Nặng - Buôn Hồ - Đắk Lắk,2026-04-17 - Thứ 6,1,"1,82%",,,,,,,,,,
431,Kho Giao Hàng Nặng - Nha Trang - Khánh Hoà,2026-04-17 - Thứ 6,25,"4,31%",,,,,,,,,,
432,Kho Giao Hàng Nặng - Quy Nhơn - Bình Định,2026-04-17 - Thứ 6,8,"2,82%",,,,,,,,,,
433,Kho Giao Hàng Nặng - Tam Kỳ - Quảng Nam,2026-04-17 - Thứ 6,3,"2,36%",,,,,,,,,,
434,Kho Giao Hàng Nặng - Quảng Ngãi - Quảng Ngãi,2026-04-17 - Thứ 6,4,"2,48%",,,,,,,,,,
435,Kho Giao Hàng Nặng - Đông Thọ - Thanh Hoá,2026-04-17 - Thứ 6,21,"7,55%",,,,,,,,,,
436,Kho Giao Hàng Nặng - Gia Nghĩa - Đắk Nông,2026-04-17 - Thứ 6,5,"8,33%",,,,,,,,,,
437,Kho Giao Hàng Nặng - Hương Thủy - Huế,2026-04-17 - Thứ 6,12,"2,65%",,,,,,,,,,
438,Kho Giao Hàng Nặng - La Gi - Bình Thuận,2026-04-17 - Thứ 6,3,"2,97%",,,,,,,,,,
439,Kho Giao Hàng Nặng - Liên Chiểu - Đà Nẵng,2026-04-17 - Thứ 6,14,"2,83%",,,,,,,,,,
440,Kho Giao Hàng Nặng - Tuy Phong - Bình Thuận,2026-04-17 - Thứ 6,4,"3,67%",,,,,,,,,,
441,Kho Giao Hàng Nặng - Đông Hà - Quảng Trị,2026-04-17 - Thứ 6,2,"2,53%",,,,,,,,,,
442,Kho Giao Hàng Nặng - Hoà Xuân - Đà Nẵng,2026-04-17 - Thứ 6,9,"3,07%",,,,,,,,,,
443,Kho Giao Hàng Nặng - Hội An - Quảng Nam,2026-04-17 - Thứ 6,10,"5,26%",,,,,,,,,,
444,Kho Giao Hàng Nặng - Pleiku - Gia Lai,2026-04-17 - Thứ 6,10,"4,33%",,,,,,,,,,
445,Kho Giao Hàng Nặng - Thạch Linh - Hà Tĩnh,2026-04-17 - Thứ 6,8,"7,77%",,,,,,,,,,
446,Kho Giao Hàng Nặng - Thắng Lợi - Kon Tum,2026-04-17 - Thứ 6,2,"1,74%",,,,,,,,,,
447,Kho Giao Hàng Nặng - Vinh - Nghệ An,2026-04-17 - Thứ 6,19,"7,69%",,,,,,,,,,
448,Kho Giao Hàng Nặng - Đồng Hới - Quảng Bình,2026-04-17 - Thứ 6,10,"10,31%",,,,,,,,,,
449,Kho Giao Hàng Nặng - Hoài Nhơn - Bình Định,2026-04-16 - Thứ 5,7,"11,67%",,,,,,,,,,
450,Kho Giao Hàng Nặng - Phan Rang - Ninh Thuận,2026-04-16 - Thứ 5,5,"5,05%",,,,,,,,,,
451,Kho Giao Hàng Nặng - Đông Hà - Quảng Trị,2026-04-16 - Thứ 5,2,"2,99%",,,,,,,,,,
452,Kho Giao Hàng Nặng - Liên Chiểu - Đà Nẵng,2026-04-16 - Thứ 5,29,"4,97%",,,,,,,,,,
453,Kho Giao Hàng Nặng - Pleiku - Gia Lai,2026-04-16 - Thứ 5,2,"1,09%",,,,,,,,,,
454,Kho Giao Hàng Nặng - Hội An - Quảng Nam,2026-04-16 - Thứ 5,7,"3,95%",,,,,,,,,,
455,Kho Giao Hàng Nặng - Quy Nhơn - Bình Định,2026-04-16 - Thứ 5,12,"5,69%",,,,,,,,,,
456,Kho Giao Hàng Nặng - Tuy Phong - Bình Thuận,2026-04-16 - Thứ 5,3,"5,17%",,,,,,,,,,
457,Kho Giao Hàng Nặng - Cam Ranh - Khánh Hoà,2026-04-16 - Thứ 5,0,"0,00%",,,,,,,,,,
458,Kho Giao Hàng Nặng - Hương Thủy - Huế,2026-04-16 - Thứ 5,12,"3,36%",,,,,,,,,,
459,Kho Giao Hàng Nặng - Nha Trang - Khánh Hoà,2026-04-16 - Thứ 5,22,"4,37%",,,,,,,,,,
460,Kho Giao Hàng Nặng - Phan Thiết - Bình Thuận,2026-04-16 - Thứ 5,9,"4,19%",,,,,,,,,,
461,Kho Giao Hàng Nặng - Quảng Ngãi - Quảng Ngãi,2026-04-16 - Thứ 5,6,"4,11%",,,,,,,,,,
462,Kho Giao Hàng Nặng - Tam Kỳ - Quảng Nam,2026-04-16 - Thứ 5,1,"1,39%",,,,,,,,,,
463,Kho Giao Hàng Nặng - Thắng Lợi - Kon Tum,2026-04-16 - Thứ 5,3,"3,80%",,,,,,,,,,
464,Kho Giao Hàng Nặng - Đông Thọ - Thanh Hoá,2026-04-16 - Thứ 5,11,"5,29%",,,,,,,,,,
465,Kho Giao Hàng Nặng - Buôn Hồ - Đắk Lắk,2026-04-16 - Thứ 5,4,"4,65%",,,,,,,,,,
466,Kho Giao Hàng Nặng - Tuy Hoà - Phú Yên,2026-04-16 - Thứ 5,4,"3,57%",,,,,,,,,,
467,Kho Giao Hàng Nặng - Vinh - Nghệ An,2026-04-16 - Thứ 5,24,"9,80%",,,,,,,,,,
468,Kho Giao Hàng Nặng - Buôn Ma Thuột - Đắk Lắk,2026-04-16 - Thứ 5,11,"4,49%",,,,,,,,,,
469,Kho Giao Hàng Nặng - Gia Nghĩa - Đắk Nông,2026-04-16 - Thứ 5,2,"2,50%",,,,,,,,,,
470,Kho Giao Hàng Nặng - Hoà Xuân - Đà Nẵng,2026-04-16 - Thứ 5,6,"2,18%",,,,,,,,,,
471,Kho Giao Hàng Nặng - La Gi - Bình Thuận,2026-04-16 - Thứ 5,6,"7,06%",,,,,,,,,,
472,Kho Giao Hàng Nặng - Thạch Linh - Hà Tĩnh,2026-04-16 - Thứ 5,7,"7,07%",,,,,,,,,,
473,Kho Giao Hàng Nặng - Đồng Hới - Quảng Bình,2026-04-16 - Thứ 5,7,"5,47%",,,,,,,,,,
474,Kho Giao Hàng Nặng - Cam Ranh - Khánh Hoà,2026-04-15 - Thứ 4,5,"5,75%",,,,,,,,,,
475,Kho Giao Hàng Nặng - Phan Rang - Ninh Thuận,2026-04-15 - Thứ 4,5,"4,27%",,,,,,,,,,
476,Kho Giao Hàng Nặng - Hoà Xuân - Đà Nẵng,2026-04-15 - Thứ 4,15,"5,73%",,,,,,,,,,
477,Kho Giao Hàng Nặng - Liên Chiểu - Đà Nẵng,2026-04-15 - Thứ 4,12,"3,53%",,,,,,,,,,
478,Kho Giao Hàng Nặng - Quy Nhơn - Bình Định,2026-04-15 - Thứ 4,5,"1,89%",,,,,,,,,,
479,Kho Giao Hàng Nặng - Vinh - Nghệ An,2026-04-15 - Thứ 4,19,"7,14%",,,,,,,,,,
480,Kho Giao Hàng Nặng - Buôn Ma Thuột - Đắk Lắk,2026-04-15 - Thứ 4,13,"4,29%",,,,,,,,,,
481,Kho Giao Hàng Nặng - Hoài Nhơn - Bình Định,2026-04-15 - Thứ 4,5,"7,46%",,,,,,,,,,
482,Kho Giao Hàng Nặng - Tuy Phong - Bình Thuận,2026-04-15 - Thứ 4,5,"6,58%",,,,,,,,,,
483,Kho Giao Hàng Nặng - Pleiku - Gia Lai,2026-04-15 - Thứ 4,4,"2,17%",,,,,,,,,,
484,Kho Giao Hàng Nặng - Quảng Ngãi - Quảng Ngãi,2026-04-15 - Thứ 4,3,"2,46%",,,,,,,,,,
485,Kho Giao Hàng Nặng - Thắng Lợi - Kon Tum,2026-04-15 - Thứ 4,3,"3,70%",,,,,,,,,,
486,Kho Giao Hàng Nặng - Tuy Hoà - Phú Yên,2026-04-15 - Thứ 4,4,"2,90%",,,,,,,,,,
487,Kho Giao Hàng Nặng - Gia Nghĩa - Đắk Nông,2026-04-15 - Thứ 4,2,"6,90%",,,,,,,,,,
488,Kho Giao Hàng Nặng - Hội An - Quảng Nam,2026-04-15 - Thứ 4,7,"3,54%",,,,,,,,,,
489,Kho Giao Hàng Nặng - Nha Trang - Khánh Hoà,2026-04-15 - Thứ 4,18,"4,65%",,,,,,,,,,
490,Kho Giao Hàng Nặng - Tam Kỳ - Quảng Nam,2026-04-15 - Thứ 4,5,"5,56%",,,,,,,,,,
491,Kho Giao Hàng Nặng - Thạch Linh - Hà Tĩnh,2026-04-15 - Thứ 4,8,"7,92%",,,,,,,,,,
492,Kho Giao Hàng Nặng - Đông Thọ - Thanh Hoá,2026-04-15 - Thứ 4,15,"5,81%",,,,,,,,,,
493,Kho Giao Hàng Nặng - Đông Hà - Quảng Trị,2026-04-15 - Thứ 4,2,"3,57%",,,,,,,,,,
494,Kho Giao Hàng Nặng - Đồng Hới - Quảng Bình,2026-04-15 - Thứ 4,0,"0,00%",,,,,,,,,,
495,Kho Giao Hàng Nặng - Buôn Hồ - Đắk Lắk,2026-04-15 - Thứ 4,0,"0,00%",,,,,,,,,,
496,Kho Giao Hàng Nặng - Hương Thủy - Huế,2026-04-15 - Thứ 4,8,"3,00%",,,,,,,,,,
497,Kho Giao Hàng Nặng - La Gi - Bình Thuận,2026-04-15 - Thứ 4,2,"2,30%",,,,,,,,,,
498,Kho Giao Hàng Nặng - Phan Thiết - Bình Thuận,2026-04-15 - Thứ 4,4,"2,34%",,,,,,,,,,
499,Kho Giao Hàng Nặng - La Gi - Bình Thuận,2026-04-14 - Thứ 3,1,"1,54%",,,,,,,,,,
500,Kho Giao Hàng Nặng - Quy Nhơn - Bình Định,2026-04-14 - Thứ 3,10,"6,62%",,,,,,,,,,
501,Kho Giao Hàng Nặng - Buôn Ma Thuột - Đắk Lắk,2026-04-14 - Thứ 3,7,"6,60%",,,,,,,,,,
502,Kho Giao Hàng Nặng - Cam Ranh - Khánh Hoà,2026-04-14 - Thứ 3,3,"3,13%",,,,,,,,,,
503,Kho Giao Hàng Nặng - Gia Nghĩa - Đắk Nông,2026-04-14 - Thứ 3,6,"8,70%",,,,,,,,,,
504,Kho Giao Hàng Nặng - Nha Trang - Khánh Hoà,2026-04-14 - Thứ 3,20,"5,03%",,,,,,,,,,
505,Kho Giao Hàng Nặng - Pleiku - Gia Lai,2026-04-14 - Thứ 3,5,"4,24%",,,,,,,,,,
506,Kho Giao Hàng Nặng - Tam Kỳ - Quảng Nam,2026-04-14 - Thứ 3,4,"4,88%",,,,,,,,,,
507,Kho Giao Hàng Nặng - Hoài Nhơn - Bình Định,2026-04-14 - Thứ 3,1,"4,17%",,,,,,,,,,
508,Kho Giao Hàng Nặng - Buôn Hồ - Đắk Lắk,2026-04-14 - Thứ 3,1,"2,94%",,,,,,,,,,
509,Kho Giao Hàng Nặng - Thạch Linh - Hà Tĩnh,2026-04-14 - Thứ 3,5,"3,76%",,,,,,,,,,
510,Kho Giao Hàng Nặng - Đồng Hới - Quảng Bình,2026-04-14 - Thứ 3,6,"5,94%",,,,,,,,,,
511,Kho Giao Hàng Nặng - Hoà Xuân - Đà Nẵng,2026-04-14 - Thứ 3,15,"5,30%",,,,,,,,,,
512,Kho Giao Hàng Nặng - Hội An - Quảng Nam,2026-04-14 - Thứ 3,3,"2,29%",,,,,,,,,,
513,Kho Giao Hàng Nặng - Liên Chiểu - Đà Nẵng,2026-04-14 - Thứ 3,14,"4,38%",,,,,,,,,,
514,Kho Giao Hàng Nặng - Phan Thiết - Bình Thuận,2026-04-14 - Thứ 3,5,"3,09%",,,,,,,,,,
515,Kho Giao Hàng Nặng - Tuy Phong - Bình Thuận,2026-04-14 - Thứ 3,4,"4,60%",,,,,,,,,,
516,Kho Giao Hàng Nặng - Vinh - Nghệ An,2026-04-14 - Thứ 3,9,"3,11%",,,,,,,,,,
517,Kho Giao Hàng Nặng - Phan Rang - Ninh Thuận,2026-04-14 - Thứ 3,8,"5,48%",,,,,,,,,,
518,Kho Giao Hàng Nặng - Tuy Hoà - Phú Yên,2026-04-14 - Thứ 3,2,"1,45%",,,,,,,,,,
519,Kho Giao Hàng Nặng - Đông Hà - Quảng Trị,2026-04-14 - Thứ 3,1,"3,70%",,,,,,,,,,
520,Kho Giao Hàng Nặng - Quảng Ngãi - Quảng Ngãi,2026-04-14 - Thứ 3,3,"4,69%",,,,,,,,,,
521,Kho Giao Hàng Nặng - Thắng Lợi - Kon Tum,2026-04-14 - Thứ 3,4,"8,16%",,,,,,,,,,
522,Kho Giao Hàng Nặng - Hương Thủy - Huế,2026-04-14 - Thứ 3,9,"2,68%",,,,,,,,,,
523,Kho Giao Hàng Nặng - Đông Thọ - Thanh Hoá,2026-04-14 - Thứ 3,15,"4,90%",,,,,,,,,,
524,Kho Giao Hàng Nặng - Thạch Linh - Hà Tĩnh,2026-04-13 - Thứ 2,7,"7,29%",,,,,,,,,,
525,Kho Giao Hàng Nặng - Đồng Hới - Quảng Bình,2026-04-13 - Thứ 2,2,"1,75%",,,,,,,,,,
526,Kho Giao Hàng Nặng - Đông Hà - Quảng Trị,2026-04-13 - Thứ 2,1,"2,78%",,,,,,,,,,
527,Kho Giao Hàng Nặng - Hội An - Quảng Nam,2026-04-13 - Thứ 2,7,"5,43%",,,,,,,,,,
528,Kho Giao Hàng Nặng - Quy Nhơn - Bình Định,2026-04-13 - Thứ 2,6,"2,35%",,,,,,,,,,
529,Kho Giao Hàng Nặng - Gia Nghĩa - Đắk Nông,2026-04-13 - Thứ 2,2,"4,00%",,,,,,,,,,
530,Kho Giao Hàng Nặng - Hoài Nhơn - Bình Định,2026-04-13 - Thứ 2,5,"8,20%",,,,,,,,,,
531,Kho Giao Hàng Nặng - Hương Thủy - Huế,2026-04-13 - Thứ 2,13,"3,81%",,,,,,,,,,
532,Kho Giao Hàng Nặng - Phan Thiết - Bình Thuận,2026-04-13 - Thứ 2,5,"2,56%",,,,,,,,,,
533,Kho Giao Hàng Nặng - Pleiku - Gia Lai,2026-04-13 - Thứ 2,4,"1,95%",,,,,,,,,,
534,Kho Giao Hàng Nặng - Thắng Lợi - Kon Tum,2026-04-13 - Thứ 2,2,"2,30%",,,,,,,,,,
535,Kho Giao Hàng Nặng - Buôn Ma Thuột - Đắk Lắk,2026-04-13 - Thứ 2,9,"3,31%",,,,,,,,,,
536,Kho Giao Hàng Nặng - Hoà Xuân - Đà Nẵng,2026-04-13 - Thứ 2,13,"3,64%",,,,,,,,,,
537,Kho Giao Hàng Nặng - La Gi - Bình Thuận,2026-04-13 - Thứ 2,0,"0,00%",,,,,,,,,,
538,Kho Giao Hàng Nặng - Liên Chiểu - Đà Nẵng,2026-04-13 - Thứ 2,18,"4,14%",,,,,,,,,,
539,Kho Giao Hàng Nặng - Cam Ranh - Khánh Hoà,2026-04-13 - Thứ 2,6,"4,32%",,,,,,,,,,
540,Kho Giao Hàng Nặng - Quảng Ngãi - Quảng Ngãi,2026-04-13 - Thứ 2,2,"1,22%",,,,,,,,,,
541,Kho Giao Hàng Nặng - Tuy Hoà - Phú Yên,2026-04-13 - Thứ 2,5,"3,79%",,,,,,,,,,
542,Kho Giao Hàng Nặng - Đông Thọ - Thanh Hoá,2026-04-13 - Thứ 2,12,"4,10%",,,,,,,,,,
543,Kho Giao Hàng Nặng - Buôn Hồ - Đắk Lắk,2026-04-13 - Thứ 2,3,"4,00%",,,,,,,,,,
544,Kho Giao Hàng Nặng - Nha Trang - Khánh Hoà,2026-04-13 - Thứ 2,22,"3,72%",,,,,,,,,,
545,Kho Giao Hàng Nặng - Phan Rang - Ninh Thuận,2026-04-13 - Thứ 2,3,"2,19%",,,,,,,,,,
546,Kho Giao Hàng Nặng - Tam Kỳ - Quảng Nam,2026-04-13 - Thứ 2,9,"6,12%",,,,,,,,,,
547,Kho Giao Hàng Nặng - Tuy Phong - Bình Thuận,2026-04-13 - Thứ 2,6,"6,00%",,,,,,,,,,
548,Kho Giao Hàng Nặng - Vinh - Nghệ An,2026-04-13 - Thứ 2,18,"6,36%",,,,,,,,,,
549,Kho Giao Hàng Nặng - Quy Nhơn - Bình Định,2026-04-12 - CN,6,"2,23%",,,,,,,,,,
550,Kho Giao Hàng Nặng - Phan Rang - Ninh Thuận,2026-04-12 - CN,10,"6,80%",,,,,,,,,,
551,Kho Giao Hàng Nặng - Tam Kỳ - Quảng Nam,2026-04-12 - CN,5,"6,41%",,,,,,,,,,
552,Kho Giao Hàng Nặng - Đông Hà - Quảng Trị,2026-04-12 - CN,1,"1,10%",,,,,,,,,,
553,Kho Giao Hàng Nặng - Tuy Phong - Bình Thuận,2026-04-12 - CN,5,"4,85%",,,,,,,,,,
554,Kho Giao Hàng Nặng - Đông Thọ - Thanh Hoá,2026-04-12 - CN,17,"6,49%",,,,,,,,,,
555,Kho Giao Hàng Nặng - Quảng Ngãi - Quảng Ngãi,2026-04-12 - CN,3,"2,86%",,,,,,,,,,
556,Kho Giao Hàng Nặng - La Gi - Bình Thuận,2026-04-12 - CN,4,"3,28%",,,,,,,,,,
557,Kho Giao Hàng Nặng - Hoà Xuân - Đà Nẵng,2026-04-12 - CN,20,"5,87%",,,,,,,,,,
558,Kho Giao Hàng Nặng - Gia Nghĩa - Đắk Nông,2026-04-12 - CN,1,"2,44%",,,,,,,,,,
559,Kho Giao Hàng Nặng - Liên Chiểu - Đà Nẵng,2026-04-12 - CN,11,"2,08%",,,,,,,,,,
560,Kho Giao Hàng Nặng - Buôn Ma Thuột - Đắk Lắk,2026-04-12 - CN,16,"4,98%",,,,,,,,,,
561,Kho Giao Hàng Nặng - Vinh - Nghệ An,2026-04-12 - CN,16,"6,06%",,,,,,,,,,
562,Kho Giao Hàng Nặng - Thắng Lợi - Kon Tum,2026-04-12 - CN,2,"2,63%",,,,,,,,,,
563,Kho Giao Hàng Nặng - Đồng Hới - Quảng Bình,2026-04-12 - CN,2,"2,08%",,,,,,,,,,
564,Kho Giao Hàng Nặng - Phan Thiết - Bình Thuận,2026-04-12 - CN,7,"3,27%",,,,,,,,,,
565,Kho Giao Hàng Nặng - Buôn Hồ - Đắk Lắk,2026-04-12 - CN,1,"1,47%",,,,,,,,,,
566,Kho Giao Hàng Nặng - Nha Trang - Khánh Hoà,2026-04-12 - CN,17,"2,70%",,,,,,,,,,
567,Kho Giao Hàng Nặng - Hương Thủy - Huế,2026-04-12 - CN,8,"2,27%",,,,,,,,,,
568,Kho Giao Hàng Nặng - Hội An - Quảng Nam,2026-04-12 - CN,6,"3,85%",,,,,,,,,,
569,Kho Giao Hàng Nặng - Thạch Linh - Hà Tĩnh,2026-04-12 - CN,6,"7,23%",,,,,,,,,,
570,Kho Giao Hàng Nặng - Hoài Nhơn - Bình Định,2026-04-12 - CN,3,"4,84%",,,,,,,,,,
571,Kho Giao Hàng Nặng - Pleiku - Gia Lai,2026-04-12 - CN,11,"5,12%",,,,,,,,,,
572,Kho Giao Hàng Nặng - Tuy Hoà - Phú Yên,2026-04-12 - CN,9,"9,47%",,,,,,,,,,
573,Kho Giao Hàng Nặng - Cam Ranh - Khánh Hoà,2026-04-12 - CN,13,"9,70%",,,,,,,,,,
574,Kho Giao Hàng Nặng - Buôn Ma Thuột - Đắk Lắk,2026-04-11 - Thứ 7,14,"4,70%",,,,,,,,,,
575,Kho Giao Hàng Nặng - Phan Thiết - Bình Thuận,2026-04-11 - Thứ 7,1,"0,47%",,,,,,,,,,
576,Kho Giao Hàng Nặng - Quảng Ngãi - Quảng Ngãi,2026-04-11 - Thứ 7,10,"8,47%",,,,,,,,,,
577,Kho Giao Hàng Nặng - Tuy Phong - Bình Thuận,2026-04-11 - Thứ 7,11,"11,46%",,,,,,,,,,
578,Kho Giao Hàng Nặng - Thắng Lợi - Kon Tum,2026-04-11 - Thứ 7,3,"6,12%",,,,,,,,,,
579,Kho Giao Hàng Nặng - Hương Thủy - Huế,2026-04-11 - Thứ 7,12,"3,69%",,,,,,,,,,
580,Kho Giao Hàng Nặng - Đồng Hới - Quảng Bình,2026-04-11 - Thứ 7,2,"2,00%",,,,,,,,,,
581,Kho Giao Hàng Nặng - Gia Nghĩa - Đắk Nông,2026-04-11 - Thứ 7,2,"3,92%",,,,,,,,,,
582,Kho Giao Hàng Nặng - Cam Ranh - Khánh Hoà,2026-04-11 - Thứ 7,3,"2,26%",,,,,,,,,,
583,Kho Giao Hàng Nặng - Hội An - Quảng Nam,2026-04-11 - Thứ 7,12,"5,94%",,,,,,,,,,
584,Kho Giao Hàng Nặng - La Gi - Bình Thuận,2026-04-11 - Thứ 7,3,"3,85%",,,,,,,,,,
585,Kho Giao Hàng Nặng - Quy Nhơn - Bình Định,2026-04-11 - Thứ 7,3,"1,27%",,,,,,,,,,
586,Kho Giao Hàng Nặng - Nha Trang - Khánh Hoà,2026-04-11 - Thứ 7,26,"4,73%",,,,,,,,,,
587,Kho Giao Hàng Nặng - Phan Rang - Ninh Thuận,2026-04-11 - Thứ 7,3,"1,97%",,,,,,,,,,
588,Kho Giao Hàng Nặng - Vinh - Nghệ An,2026-04-11 - Thứ 7,16,"6,43%",,,,,,,,,,
589,Kho Giao Hàng Nặng - Đông Thọ - Thanh Hoá,2026-04-11 - Thứ 7,13,"4,23%",,,,,,,,,,
590,Kho Giao Hàng Nặng - Đông Hà - Quảng Trị,2026-04-11 - Thứ 7,4,"7,14%",,,,,,,,,,
591,Kho Giao Hàng Nặng - Buôn Hồ - Đắk Lắk,2026-04-11 - Thứ 7,4,"4,94%",,,,,,,,,,
592,Kho Giao Hàng Nặng - Hoà Xuân - Đà Nẵng,2026-04-11 - Thứ 7,19,"5,26%",,,,,,,,,,
593,Kho Giao Hàng Nặng - Liên Chiểu - Đà Nẵng,2026-04-11 - Thứ 7,21,"5,45%",,,,,,,,,,
594,Kho Giao Hàng Nặng - Tam Kỳ - Quảng Nam,2026-04-11 - Thứ 7,7,"6,54%",,,,,,,,,,
595,Kho Giao Hàng Nặng - Thạch Linh - Hà Tĩnh,2026-04-11 - Thứ 7,5,"9,43%",,,,,,,,,,
596,Kho Giao Hàng Nặng - Hoài Nhơn - Bình Định,2026-04-11 - Thứ 7,2,"2,99%",,,,,,,,,,
597,Kho Giao Hàng Nặng - Pleiku - Gia Lai,2026-04-11 - Thứ 7,2,"2,13%",,,,,,,,,,
598,Kho Giao Hàng Nặng - Tuy Hoà - Phú Yên,2026-04-11 - Thứ 7,6,"4,72%",,,,,,,,,,
599,Kho Giao Hàng Nặng - Quy Nhơn - Bình Định,2026-04-10 - Thứ 6,12,"5,48%",,,,,,,,,,
600,Kho Giao Hàng Nặng - Liên Chiểu - Đà Nẵng,2026-04-10 - Thứ 6,21,"4,68%",,,,,,,,,,
601,Kho Giao Hàng Nặng - Buôn Ma Thuột - Đắk Lắk,2026-04-10 - Thứ 6,11,"3,38%",,,,,,,,,,
602,Kho Giao Hàng Nặng - La Gi - Bình Thuận,2026-04-10 - Thứ 6,2,"2,50%",,,,,,,,,,
603,Kho Giao Hàng Nặng - Quảng Ngãi - Quảng Ngãi,2026-04-10 - Thứ 6,4,"4,17%",,,,,,,,,,
604,Kho Giao Hàng Nặng - Cam Ranh - Khánh Hoà,2026-04-10 - Thứ 6,5,"4,46%",,,,,,,,,,
605,Kho Giao Hàng Nặng - Thạch Linh - Hà Tĩnh,2026-04-10 - Thứ 6,13,"11,71%",,,,,,,,,,
606,Kho Giao Hàng Nặng - Hoà Xuân - Đà Nẵng,2026-04-10 - Thứ 6,17,"4,63%",,,,,,,,,,
607,Kho Giao Hàng Nặng - Hương Thủy - Huế,2026-04-10 - Thứ 6,9,"2,95%",,,,,,,,,,
608,Kho Giao Hàng Nặng - Thắng Lợi - Kon Tum,2026-04-10 - Thứ 6,4,"5,33%",,,,,,,,,,
609,Kho Giao Hàng Nặng - Tam Kỳ - Quảng Nam,2026-04-10 - Thứ 6,7,"6,80%",,,,,,,,,,
610,Kho Giao Hàng Nặng - Đông Hà - Quảng Trị,2026-04-10 - Thứ 6,1,"1,33%",,,,,,,,,,
611,Kho Giao Hàng Nặng - Nha Trang - Khánh Hoà,2026-04-10 - Thứ 6,25,"4,62%",,,,,,,,,,
612,Kho Giao Hàng Nặng - Đồng Hới - Quảng Bình,2026-04-10 - Thứ 6,6,"5,13%",,,,,,,,,,
613,Kho Giao Hàng Nặng - Tuy Phong - Bình Thuận,2026-04-10 - Thứ 6,7,"6,48%",,,,,,,,,,
614,Kho Giao Hàng Nặng - Pleiku - Gia Lai,2026-04-10 - Thứ 6,7,"3,32%",,,,,,,,,,
615,Kho Giao Hàng Nặng - Vinh - Nghệ An,2026-04-10 - Thứ 6,16,"5,61%",,,,,,,,,,
616,Kho Giao Hàng Nặng - Phan Rang - Ninh Thuận,2026-04-10 - Thứ 6,11,"6,47%",,,,,,,,,,
617,Kho Giao Hàng Nặng - Phan Thiết - Bình Thuận,2026-04-10 - Thứ 6,10,"5,71%",,,,,,,,,,
618,Kho Giao Hàng Nặng - Tuy Hoà - Phú Yên,2026-04-10 - Thứ 6,11,"7,59%",,,,,,,,,,
619,Kho Giao Hàng Nặng - Hội An - Quảng Nam,2026-04-10 - Thứ 6,4,"2,12%",,,,,,,,,,
620,Kho Giao Hàng Nặng - Gia Nghĩa - Đắk Nông,2026-04-10 - Thứ 6,3,"4,69%",,,,,,,,,,
621,Kho Giao Hàng Nặng - Hoài Nhơn - Bình Định,2026-04-10 - Thứ 6,0,"0,00%",,,,,,,,,,
622,Kho Giao Hàng Nặng - Đông Thọ - Thanh Hoá,2026-04-10 - Thứ 6,11,"3,94%",,,,,,,,,,
623,Kho Giao Hàng Nặng - Buôn Hồ - Đắk Lắk,2026-04-10 - Thứ 6,4,"4,49%",,,,,,,,,,
624,Kho Giao Hàng Nặng - Buôn Ma Thuột - Đắk Lắk,2026-04-09 - Thứ 5,17,"5,01%",,,,,,,,,,
625,Kho Giao Hàng Nặng - Cam Ranh - Khánh Hoà,2026-04-09 - Thứ 5,7,"5,34%",,,,,,,,,,
626,Kho Giao Hàng Nặng - Nha Trang - Khánh Hoà,2026-04-09 - Thứ 5,17,"2,68%",,,,,,,,,,
627,Kho Giao Hàng Nặng - Pleiku - Gia Lai,2026-04-09 - Thứ 5,4,"1,86%",,,,,,,,,,
628,Kho Giao Hàng Nặng - Tam Kỳ - Quảng Nam,2026-04-09 - Thứ 5,2,"1,80%",,,,,,,,,,
629,Kho Giao Hàng Nặng - Tuy Phong - Bình Thuận,2026-04-09 - Thứ 5,4,"3,60%",,,,,,,,,,
630,Kho Giao Hàng Nặng - Liên Chiểu - Đà Nẵng,2026-04-09 - Thứ 5,15,"2,65%",,,,,,,,,,
631,Kho Giao Hàng Nặng - Quảng Ngãi - Quảng Ngãi,2026-04-09 - Thứ 5,6,"4,44%",,,,,,,,,,
632,Kho Giao Hàng Nặng - Vinh - Nghệ An,2026-04-09 - Thứ 5,11,"4,26%",,,,,,,,,,
633,Kho Giao Hàng Nặng - La Gi - Bình Thuận,2026-04-09 - Thứ 5,6,"6,59%",,,,,,,,,,
634,Kho Giao Hàng Nặng - Phan Rang - Ninh Thuận,2026-04-09 - Thứ 5,8,"4,28%",,,,,,,,,,
635,Kho Giao Hàng Nặng - Thạch Linh - Hà Tĩnh,2026-04-09 - Thứ 5,12,"12,37%",,,,,,,,,,
636,Kho Giao Hàng Nặng - Tuy Hoà - Phú Yên,2026-04-09 - Thứ 5,2,"1,55%",,,,,,,,,,
637,Kho Giao Hàng Nặng - Đông Hà - Quảng Trị,2026-04-09 - Thứ 5,4,"4,71%",,,,,,,,,,
638,Kho Giao Hàng Nặng - Đông Thọ - Thanh Hoá,2026-04-09 - Thứ 5,33,"10,00%",,,,,,,,,,
639,Kho Giao Hàng Nặng - Hoài Nhơn - Bình Định,2026-04-09 - Thứ 5,1,"1,25%",,,,,,,,,,
640,Kho Giao Hàng Nặng - Hương Thủy - Huế,2026-04-09 - Thứ 5,12,"3,08%",,,,,,,,,,
641,Kho Giao Hàng Nặng - Gia Nghĩa - Đắk Nông,2026-04-09 - Thứ 5,2,"2,94%",,,,,,,,,,
642,Kho Giao Hàng Nặng - Hoà Xuân - Đà Nẵng,2026-04-09 - Thứ 5,11,"3,35%",,,,,,,,,,
643,Kho Giao Hàng Nặng - Phan Thiết - Bình Thuận,2026-04-09 - Thứ 5,2,"1,08%",,,,,,,,,,
644,Kho Giao Hàng Nặng - Thắng Lợi - Kon Tum,2026-04-09 - Thứ 5,6,"5,04%",,,,,,,,,,
645,Kho Giao Hàng Nặng - Đồng Hới - Quảng Bình,2026-04-09 - Thứ 5,3,"2,07%",,,,,,,,,,
646,Kho Giao Hàng Nặng - Buôn Hồ - Đắk Lắk,2026-04-09 - Thứ 5,1,"1,67%",,,,,,,,,,
647,Kho Giao Hàng Nặng - Hội An - Quảng Nam,2026-04-09 - Thứ 5,3,"1,45%",,,,,,,,,,
648,Kho Giao Hàng Nặng - Quy Nhơn - Bình Định,2026-04-09 - Thứ 5,13,"4,53%",,,,,,,,,,
649,Kho Giao Hàng Nặng - Quy Nhơn - Bình Định,2026-04-08 - Thứ 4,8,"1,94%",,,,,,,,,,
650,Kho Giao Hàng Nặng - Tuy Hoà - Phú Yên,2026-04-08 - Thứ 4,5,"2,37%",,,,,,,,,,
651,Kho Giao Hàng Nặng - Cam Ranh - Khánh Hoà,2026-04-08 - Thứ 4,4,"3,77%",,,,,,,,,,
652,Kho Giao Hàng Nặng - Hoà Xuân - Đà Nẵng,2026-04-08 - Thứ 4,19,"5,14%",,,,,,,,,,
653,Kho Giao Hàng Nặng - Hương Thủy - Huế,2026-04-08 - Thứ 4,9,"2,53%",,,,,,,,,,
654,Kho Giao Hàng Nặng - Phan Rang - Ninh Thuận,2026-04-08 - Thứ 4,8,"3,62%",,,,,,,,,,
655,Kho Giao Hàng Nặng - Thạch Linh - Hà Tĩnh,2026-04-08 - Thứ 4,9,"9,00%",,,,,,,,,,
656,Kho Giao Hàng Nặng - La Gi - Bình Thuận,2026-04-08 - Thứ 4,5,"4,85%",,,,,,,,,,
657,Kho Giao Hàng Nặng - Liên Chiểu - Đà Nẵng,2026-04-08 - Thứ 4,4,"0,75%",,,,,,,,,,
658,Kho Giao Hàng Nặng - Phan Thiết - Bình Thuận,2026-04-08 - Thứ 4,5,"2,53%",,,,,,,,,,
659,Kho Giao Hàng Nặng - Gia Nghĩa - Đắk Nông,2026-04-08 - Thứ 4,2,"3,23%",,,,,,,,,,
660,Kho Giao Hàng Nặng - Tuy Phong - Bình Thuận,2026-04-08 - Thứ 4,6,"4,65%",,,,,,,,,,
661,Kho Giao Hàng Nặng - Pleiku - Gia Lai,2026-04-08 - Thứ 4,4,"1,87%",,,,,,,,,,
662,Kho Giao Hàng Nặng - Vinh - Nghệ An,2026-04-08 - Thứ 4,21,"7,66%",,,,,,,,,,
663,Kho Giao Hàng Nặng - Thắng Lợi - Kon Tum,2026-04-08 - Thứ 4,5,"4,67%",,,,,,,,,,
664,Kho Giao Hàng Nặng - Tam Kỳ - Quảng Nam,2026-04-08 - Thứ 4,11,"6,71%",,,,,,,,,,
665,Kho Giao Hàng Nặng - Hoài Nhơn - Bình Định,2026-04-08 - Thứ 4,0,"0,00%",,,,,,,,,,
666,Kho Giao Hàng Nặng - Buôn Hồ - Đắk Lắk,2026-04-08 - Thứ 4,1,"1,85%",,,,,,,,,,
667,Kho Giao Hàng Nặng - Buôn Ma Thuột - Đắk Lắk,2026-04-08 - Thứ 4,13,"3,62%",,,,,,,,,,
668,Kho Giao Hàng Nặng - Đồng Hới - Quảng Bình,2026-04-08 - Thứ 4,9,"6,21%",,,,,,,,,,
669,Kho Giao Hàng Nặng - Đông Thọ - Thanh Hoá,2026-04-08 - Thứ 4,3,"1,19%",,,,,,,,,,
670,Kho Giao Hàng Nặng - Nha Trang - Khánh Hoà,2026-04-08 - Thứ 4,17,"3,82%",,,,,,,,,,
671,Kho Giao Hàng Nặng - Quảng Ngãi - Quảng Ngãi,2026-04-08 - Thứ 4,5,"2,99%",,,,,,,,,,
672,Kho Giao Hàng Nặng - Hội An - Quảng Nam,2026-04-08 - Thứ 4,14,"6,39%",,,,,,,,,,
673,Kho Giao Hàng Nặng - Đông Hà - Quảng Trị,2026-04-08 - Thứ 4,4,"3,48%",,,,,,,,,,
674,Kho Giao Hàng Nặng - Liên Chiểu - Đà Nẵng,2026-04-07 - Thứ 3,12,"2,29%",,,,,,,,,,
675,Kho Giao Hàng Nặng - Quảng Ngãi - Quảng Ngãi,2026-04-07 - Thứ 3,3,"1,96%",,,,,,,,,,
676,Kho Giao Hàng Nặng - Tuy Hoà - Phú Yên,2026-04-07 - Thứ 3,7,"4,76%",,,,,,,,,,
677,Kho Giao Hàng Nặng - La Gi - Bình Thuận,2026-04-07 - Thứ 3,1,"0,81%",,,,,,,,,,
678,Kho Giao Hàng Nặng - Tuy Phong - Bình Thuận,2026-04-07 - Thứ 3,4,"3,31%",,,,,,,,,,
679,Kho Giao Hàng Nặng - Quy Nhơn - Bình Định,2026-04-07 - Thứ 3,11,"3,35%",,,,,,,,,,
680,Kho Giao Hàng Nặng - Buôn Ma Thuột - Đắk Lắk,2026-04-07 - Thứ 3,16,"4,07%",,,,,,,,,,
681,Kho Giao Hàng Nặng - Thắng Lợi - Kon Tum,2026-04-07 - Thứ 3,8,"7,92%",,,,,,,,,,
682,Kho Giao Hàng Nặng - Đông Thọ - Thanh Hoá,2026-04-07 - Thứ 3,17,"5,69%",,,,,,,,,,
683,Kho Giao Hàng Nặng - Vinh - Nghệ An,2026-04-07 - Thứ 3,16,"5,93%",,,,,,,,,,
684,Kho Giao Hàng Nặng - Phan Rang - Ninh Thuận,2026-04-07 - Thứ 3,7,"4,76%",,,,,,,,,,
685,Kho Giao Hàng Nặng - Đồng Hới - Quảng Bình,2026-04-07 - Thứ 3,4,"3,39%",,,,,,,,,,
686,Kho Giao Hàng Nặng - Đông Hà - Quảng Trị,2026-04-07 - Thứ 3,3,"4,62%",,,,,,,,,,
687,Kho Giao Hàng Nặng - Hoà Xuân - Đà Nẵng,2026-04-07 - Thứ 3,19,"5,79%",,,,,,,,,,
688,Kho Giao Hàng Nặng - Hoài Nhơn - Bình Định,2026-04-07 - Thứ 3,3,"4,17%",,,,,,,,,,
689,Kho Giao Hàng Nặng - Buôn Hồ - Đắk Lắk,2026-04-07 - Thứ 3,3,"4,41%",,,,,,,,,,
690,Kho Giao Hàng Nặng - Hội An - Quảng Nam,2026-04-07 - Thứ 3,3,"1,50%",,,,,,,,,,
691,Kho Giao Hàng Nặng - Tam Kỳ - Quảng Nam,2026-04-07 - Thứ 3,3,"1,99%",,,,,,,,,,
692,Kho Giao Hàng Nặng - Thạch Linh - Hà Tĩnh,2026-04-07 - Thứ 3,7,"6,09%",,,,,,,,,,
693,Kho Giao Hàng Nặng - Pleiku - Gia Lai,2026-04-07 - Thứ 3,9,"4,13%",,,,,,,,,,
694,Kho Giao Hàng Nặng - Nha Trang - Khánh Hoà,2026-04-07 - Thứ 3,31,"5,04%",,,,,,,,,,
695,Kho Giao Hàng Nặng - Hương Thủy - Huế,2026-04-07 - Thứ 3,10,"2,25%",,,,,,,,,,
696,Kho Giao Hàng Nặng - Phan Thiết - Bình Thuận,2026-04-07 - Thứ 3,6,"2,99%",,,,,,,,,,
697,Kho Giao Hàng Nặng - Cam Ranh - Khánh Hoà,2026-04-07 - Thứ 3,2,"1,77%",,,,,,,,,,
698,Kho Giao Hàng Nặng - Gia Nghĩa - Đắk Nông,2026-04-07 - Thứ 3,3,"4,17%",,,,,,,,,,
699,Kho Giao Hàng Nặng - Liên Chiểu - Đà Nẵng,2026-04-06 - Thứ 2,17,"3,14%",,,,,,,,,,
700,Kho Giao Hàng Nặng - Buôn Ma Thuột - Đắk Lắk,2026-04-06 - Thứ 2,19,"4,86%",,,,,,,,,,
701,Kho Giao Hàng Nặng - Phan Thiết - Bình Thuận,2026-04-06 - Thứ 2,4,"1,75%",,,,,,,,,,
702,Kho Giao Hàng Nặng - Tuy Phong - Bình Thuận,2026-04-06 - Thứ 2,4,"3,74%",,,,,,,,,,
703,Kho Giao Hàng Nặng - Hoà Xuân - Đà Nẵng,2026-04-06 - Thứ 2,15,"3,97%",,,,,,,,,,
704,Kho Giao Hàng Nặng - Buôn Hồ - Đắk Lắk,2026-04-06 - Thứ 2,2,"2,27%",,,,,,,,,,
705,Kho Giao Hàng Nặng - Nha Trang - Khánh Hoà,2026-04-06 - Thứ 2,36,"6,34%",,,,,,,,,,
706,Kho Giao Hàng Nặng - Tuy Hoà - Phú Yên,2026-04-06 - Thứ 2,6,"4,88%",,,,,,,,,,
707,Kho Giao Hàng Nặng - Đông Hà - Quảng Trị,2026-04-06 - Thứ 2,4,"3,96%",,,,,,,,,,
708,Kho Giao Hàng Nặng - Gia Nghĩa - Đắk Nông,2026-04-06 - Thứ 2,2,"2,67%",,,,,,,,,,
709,Kho Giao Hàng Nặng - Quy Nhơn - Bình Định,2026-04-06 - Thứ 2,13,"3,53%",,,,,,,,,,
710,Kho Giao Hàng Nặng - Thắng Lợi - Kon Tum,2026-04-06 - Thứ 2,9,"7,56%",,,,,,,,,,
711,Kho Giao Hàng Nặng - Cam Ranh - Khánh Hoà,2026-04-06 - Thứ 2,5,"5,15%",,,,,,,,,,
712,Kho Giao Hàng Nặng - Thạch Linh - Hà Tĩnh,2026-04-06 - Thứ 2,5,"4,72%",,,,,,,,,,
713,Kho Giao Hàng Nặng - Đông Thọ - Thanh Hoá,2026-04-06 - Thứ 2,10,"3,48%",,,,,,,,,,
714,Kho Giao Hàng Nặng - Pleiku - Gia Lai,2026-04-06 - Thứ 2,9,"3,00%",,,,,,,,,,
715,Kho Giao Hàng Nặng - Quảng Ngãi - Quảng Ngãi,2026-04-06 - Thứ 2,4,"2,30%",,,,,,,,,,
716,Kho Giao Hàng Nặng - La Gi - Bình Thuận,2026-04-06 - Thứ 2,2,"1,96%",,,,,,,,,,
717,Kho Giao Hàng Nặng - Phan Rang - Ninh Thuận,2026-04-06 - Thứ 2,8,"3,85%",,,,,,,,,,
718,Kho Giao Hàng Nặng - Đồng Hới - Quảng Bình,2026-04-06 - Thứ 2,6,"4,26%",,,,,,,,,,
719,Kho Giao Hàng Nặng - Tam Kỳ - Quảng Nam,2026-04-06 - Thứ 2,3,"3,53%",,,,,,,,,,
720,Kho Giao Hàng Nặng - Hoài Nhơn - Bình Định,2026-04-06 - Thứ 2,1,"1,10%",,,,,,,,,,
721,Kho Giao Hàng Nặng - Vinh - Nghệ An,2026-04-06 - Thứ 2,15,"7,01%",,,,,,,,,,
722,Kho Giao Hàng Nặng - Hương Thủy - Huế,2026-04-06 - Thứ 2,7,"1,64%",,,,,,,,,,
723,Kho Giao Hàng Nặng - Hội An - Quảng Nam,2026-04-06 - Thứ 2,5,"2,86%",,,,,,,,,,
724,Kho Giao Hàng Nặng - Hương Thủy - Huế,2026-04-05 - CN,9,"2,29%",,,,,,,,,,
725,Kho Giao Hàng Nặng - Phan Thiết - Bình Thuận,2026-04-05 - CN,5,"3,18%",,,,,,,,,,
726,Kho Giao Hàng Nặng - Tuy Hoà - Phú Yên,2026-04-05 - CN,2,"1,44%",,,,,,,,,,
727,Kho Giao Hàng Nặng - Buôn Ma Thuột - Đắk Lắk,2026-04-05 - CN,12,"4,94%",,,,,,,,,,
728,Kho Giao Hàng Nặng - Phan Rang - Ninh Thuận,2026-04-05 - CN,6,"4,20%",,,,,,,,,,
729,Kho Giao Hàng Nặng - Đồng Hới - Quảng Bình,2026-04-05 - CN,4,"4,00%",,,,,,,,,,
730,Kho Giao Hàng Nặng - Quảng Ngãi - Quảng Ngãi,2026-04-05 - CN,4,"2,99%",,,,,,,,,,
731,Kho Giao Hàng Nặng - Pleiku - Gia Lai,2026-04-05 - CN,3,"1,49%",,,,,,,,,,
732,Kho Giao Hàng Nặng - Thắng Lợi - Kon Tum,2026-04-05 - CN,9,"8,41%",,,,,,,,,,
733,Kho Giao Hàng Nặng - Cam Ranh - Khánh Hoà,2026-04-05 - CN,8,"6,72%",,,,,,,,,,
734,Kho Giao Hàng Nặng - Tuy Phong - Bình Thuận,2026-04-05 - CN,2,"1,94%",,,,,,,,,,
735,Kho Giao Hàng Nặng - Hoà Xuân - Đà Nẵng,2026-04-05 - CN,19,"5,79%",,,,,,,,,,
736,Kho Giao Hàng Nặng - Buôn Hồ - Đắk Lắk,2026-04-05 - CN,2,"3,17%",,,,,,,,,,
737,Kho Giao Hàng Nặng - Quy Nhơn - Bình Định,2026-04-05 - CN,12,"4,76%",,,,,,,,,,
738,Kho Giao Hàng Nặng - Liên Chiểu - Đà Nẵng,2026-04-05 - CN,12,"2,96%",,,,,,,,,,
739,Kho Giao Hàng Nặng - Nha Trang - Khánh Hoà,2026-04-05 - CN,30,"6,11%",,,,,,,,,,
740,Kho Giao Hàng Nặng - Vinh - Nghệ An,2026-04-05 - CN,20,"7,91%",,,,,,,,,,
741,Kho Giao Hàng Nặng - Hoài Nhơn - Bình Định,2026-04-05 - CN,4,"7,02%",,,,,,,,,,
742,Kho Giao Hàng Nặng - Đông Hà - Quảng Trị,2026-04-05 - CN,8,"12,90%",,,,,,,,,,
743,Kho Giao Hàng Nặng - Hội An - Quảng Nam,2026-04-05 - CN,9,"6,38%",,,,,,,,,,
744,Kho Giao Hàng Nặng - Gia Nghĩa - Đắk Nông,2026-04-05 - CN,5,"8,93%",,,,,,,,,,
745,Kho Giao Hàng Nặng - Thạch Linh - Hà Tĩnh,2026-04-05 - CN,2,"2,38%",,,,,,,,,,
746,Kho Giao Hàng Nặng - La Gi - Bình Thuận,2026-04-05 - CN,5,"5,49%",,,,,,,,,,
747,Kho Giao Hàng Nặng - Đông Thọ - Thanh Hoá,2026-04-05 - CN,14,"5,43%",,,,,,,,,,
748,Kho Giao Hàng Nặng - Tam Kỳ - Quảng Nam,2026-04-05 - CN,8,"7,77%",,,,,,,,,,
749,Kho Giao Hàng Nặng - Quy Nhơn - Bình Định,2026-04-04 - Thứ 7,8,"2,89%",,,,,,,,,,
750,Kho Giao Hàng Nặng - Thắng Lợi - Kon Tum,2026-04-04 - Thứ 7,2,"2,13%",,,,,,,,,,
751,Kho Giao Hàng Nặng - Nha Trang - Khánh Hoà,2026-04-04 - Thứ 7,16,"3,64%",,,,,,,,,,
752,Kho Giao Hàng Nặng - Tuy Hoà - Phú Yên,2026-04-04 - Thứ 7,2,"1,52%",,,,,,,,,,
753,Kho Giao Hàng Nặng - Hương Thủy - Huế,2026-04-04 - Thứ 7,5,"1,62%",,,,,,,,,,
754,Kho Giao Hàng Nặng - Hội An - Quảng Nam,2026-04-04 - Thứ 7,8,"4,23%",,,,,,,,,,
755,Kho Giao Hàng Nặng - Thạch Linh - Hà Tĩnh,2026-04-04 - Thứ 7,10,"9,52%",,,,,,,,,,
756,Kho Giao Hàng Nặng - Buôn Hồ - Đắk Lắk,2026-04-04 - Thứ 7,2,"4,17%",,,,,,,,,,
757,Kho Giao Hàng Nặng - Đông Thọ - Thanh Hoá,2026-04-04 - Thứ 7,15,"5,15%",,,,,,,,,,
758,Kho Giao Hàng Nặng - Phan Rang - Ninh Thuận,2026-04-04 - Thứ 7,11,"6,15%",,,,,,,,,,
759,Kho Giao Hàng Nặng - Đồng Hới - Quảng Bình,2026-04-04 - Thứ 7,3,"3,06%",,,,,,,,,,
760,Kho Giao Hàng Nặng - Cam Ranh - Khánh Hoà,2026-04-04 - Thứ 7,6,"6,90%",,,,,,,,,,
761,Kho Giao Hàng Nặng - Đông Hà - Quảng Trị,2026-04-04 - Thứ 7,1,"1,03%",,,,,,,,,,
762,Kho Giao Hàng Nặng - Tuy Phong - Bình Thuận,2026-04-04 - Thứ 7,4,"4,08%",,,,,,,,,,
763,Kho Giao Hàng Nặng - Hoài Nhơn - Bình Định,2026-04-04 - Thứ 7,6,"6,32%",,,,,,,,,,
764,Kho Giao Hàng Nặng - Liên Chiểu - Đà Nẵng,2026-04-04 - Thứ 7,14,"3,38%",,,,,,,,,,
765,Kho Giao Hàng Nặng - Pleiku - Gia Lai,2026-04-04 - Thứ 7,7,"6,19%",,,,,,,,,,
766,Kho Giao Hàng Nặng - Vinh - Nghệ An,2026-04-04 - Thứ 7,15,"5,14%",,,,,,,,,,
767,Kho Giao Hàng Nặng - Phan Thiết - Bình Thuận,2026-04-04 - Thứ 7,4,"2,90%",,,,,,,,,,
768,Kho Giao Hàng Nặng - Gia Nghĩa - Đắk Nông,2026-04-04 - Thứ 7,5,"10,00%",,,,,,,,,,
769,Kho Giao Hàng Nặng - La Gi - Bình Thuận,2026-04-04 - Thứ 7,5,"4,39%",,,,,,,,,,
770,Kho Giao Hàng Nặng - Hoà Xuân - Đà Nẵng,2026-04-04 - Thứ 7,10,"3,29%",,,,,,,,,,
771,Kho Giao Hàng Nặng - Buôn Ma Thuột - Đắk Lắk,2026-04-04 - Thứ 7,17,"6,20%",,,,,,,,,,
772,Kho Giao Hàng Nặng - Quảng Ngãi - Quảng Ngãi,2026-04-04 - Thứ 7,7,"5,43%",,,,,,,,,,
773,Kho Giao Hàng Nặng - Tam Kỳ - Quảng Nam,2026-04-04 - Thứ 7,6,"5,31%",,,,,,,,,,
774,Kho Giao Hàng Nặng - Hoà Xuân - Đà Nẵng,2026-04-03 - Thứ 6,13,"3,76%",,,,,,,,,,
775,Kho Giao Hàng Nặng - Hương Thủy - Huế,2026-04-03 - Thứ 6,8,"2,35%",,,,,,,,,,
776,Kho Giao Hàng Nặng - Liên Chiểu - Đà Nẵng,2026-04-03 - Thứ 6,13,"3,50%",,,,,,,,,,
777,Kho Giao Hàng Nặng - Phan Thiết - Bình Thuận,2026-04-03 - Thứ 6,5,"2,94%",,,,,,,,,,
778,Kho Giao Hàng Nặng - Thạch Linh - Hà Tĩnh,2026-04-03 - Thứ 6,3,"7,69%",,,,,,,,,,
779,Kho Giao Hàng Nặng - Buôn Hồ - Đắk Lắk,2026-04-03 - Thứ 6,4,"5,97%",,,,,,,,,,
780,Kho Giao Hàng Nặng - Cam Ranh - Khánh Hoà,2026-04-03 - Thứ 6,4,"3,48%",,,,,,,,,,
781,Kho Giao Hàng Nặng - Gia Nghĩa - Đắk Nông,2026-04-03 - Thứ 6,5,"7,69%",,,,,,,,,,
782,Kho Giao Hàng Nặng - Quảng Ngãi - Quảng Ngãi,2026-04-03 - Thứ 6,2,"1,65%",,,,,,,,,,
783,Kho Giao Hàng Nặng - Thắng Lợi - Kon Tum,2026-04-03 - Thứ 6,1,"1,16%",,,,,,,,,,
784,Kho Giao Hàng Nặng - Vinh - Nghệ An,2026-04-03 - Thứ 6,15,"6,05%",,,,,,,,,,
785,Kho Giao Hàng Nặng - Đồng Hới - Quảng Bình,2026-04-03 - Thứ 6,3,"2,97%",,,,,,,,,,
786,Kho Giao Hàng Nặng - Buôn Ma Thuột - Đắk Lắk,2026-04-03 - Thứ 6,13,"4,87%",,,,,,,,,,
787,Kho Giao Hàng Nặng - Hội An - Quảng Nam,2026-04-03 - Thứ 6,13,"7,22%",,,,,,,,,,
788,Kho Giao Hàng Nặng - Pleiku - Gia Lai,2026-04-03 - Thứ 6,5,"2,82%",,,,,,,,,,
789,Kho Giao Hàng Nặng - Quy Nhơn - Bình Định,2026-04-03 - Thứ 6,15,"5,75%",,,,,,,,,,
790,Kho Giao Hàng Nặng - Đông Thọ - Thanh Hoá,2026-04-03 - Thứ 6,4,"2,07%",,,,,,,,,,
791,Kho Giao Hàng Nặng - Đông Hà - Quảng Trị,2026-04-03 - Thứ 6,5,"8,06%",,,,,,,,,,
792,Kho Giao Hàng Nặng - La Gi - Bình Thuận,2026-04-03 - Thứ 6,3,"4,62%",,,,,,,,,,
793,Kho Giao Hàng Nặng - Phan Rang - Ninh Thuận,2026-04-03 - Thứ 6,9,"6,62%",,,,,,,,,,
794,Kho Giao Hàng Nặng - Tuy Hoà - Phú Yên,2026-04-03 - Thứ 6,4,"4,40%",,,,,,,,,,
795,Kho Giao Hàng Nặng - Tuy Phong - Bình Thuận,2026-04-03 - Thứ 6,6,"9,52%",,,,,,,,,,
796,Kho Giao Hàng Nặng - Hoài Nhơn - Bình Định,2026-04-03 - Thứ 6,1,"2,70%",,,,,,,,,,
797,Kho Giao Hàng Nặng - Tam Kỳ - Quảng Nam,2026-04-03 - Thứ 6,4,"4,60%",,,,,,,,,,
798,Kho Giao Hàng Nặng - Nha Trang - Khánh Hoà,2026-04-03 - Thứ 6,13,"3,37%",,,,,,,,,,
799,Kho Giao Hàng Nặng - Hội An - Quảng Nam,2026-04-02 - Thứ 5,3,"1,84%",,,,,,,,,,
800,Kho Giao Hàng Nặng - La Gi - Bình Thuận,2026-04-02 - Thứ 5,1,"1,37%",,,,,,,,,,
801,Kho Giao Hàng Nặng - Quảng Ngãi - Quảng Ngãi,2026-04-02 - Thứ 5,3,"2,94%",,,,,,,,,,
802,Kho Giao Hàng Nặng - Thắng Lợi - Kon Tum,2026-04-02 - Thứ 5,2,"2,82%",,,,,,,,,,
803,Kho Giao Hàng Nặng - Tuy Hoà - Phú Yên,2026-04-02 - Thứ 5,6,"6,12%",,,,,,,,,,
804,Kho Giao Hàng Nặng - Hương Thủy - Huế,2026-04-02 - Thứ 5,9,"3,72%",,,,,,,,,,
805,Kho Giao Hàng Nặng - Pleiku - Gia Lai,2026-04-02 - Thứ 5,4,"2,29%",,,,,,,,,,
806,Kho Giao Hàng Nặng - Đông Thọ - Thanh Hoá,2026-04-02 - Thứ 5,13,"5,08%",,,,,,,,,,
807,Kho Giao Hàng Nặng - Đồng Hới - Quảng Bình,2026-04-02 - Thứ 5,5,"5,56%",,,,,,,,,,
808,Kho Giao Hàng Nặng - Cam Ranh - Khánh Hoà,2026-04-02 - Thứ 5,5,"6,76%",,,,,,,,,,
809,Kho Giao Hàng Nặng - Liên Chiểu - Đà Nẵng,2026-04-02 - Thứ 5,14,"3,06%",,,,,,,,,,
810,Kho Giao Hàng Nặng - Buôn Hồ - Đắk Lắk,2026-04-02 - Thứ 5,2,"2,99%",,,,,,,,,,
811,Kho Giao Hàng Nặng - Nha Trang - Khánh Hoà,2026-04-02 - Thứ 5,14,"3,39%",,,,,,,,,,
812,Kho Giao Hàng Nặng - Phan Thiết - Bình Thuận,2026-04-02 - Thứ 5,6,"3,43%",,,,,,,,,,
813,Kho Giao Hàng Nặng - Quy Nhơn - Bình Định,2026-04-02 - Thứ 5,10,"4,22%",,,,,,,,,,
814,Kho Giao Hàng Nặng - Tam Kỳ - Quảng Nam,2026-04-02 - Thứ 5,1,"1,41%",,,,,,,,,,
815,Kho Giao Hàng Nặng - Thạch Linh - Hà Tĩnh,2026-04-02 - Thứ 5,1,"1,32%",,,,,,,,,,
816,Kho Giao Hàng Nặng - Vinh - Nghệ An,2026-04-02 - Thứ 5,6,"2,79%",,,,,,,,,,
817,Kho Giao Hàng Nặng - Đông Hà - Quảng Trị,2026-04-02 - Thứ 5,4,"4,17%",,,,,,,,,,
818,Kho Giao Hàng Nặng - Gia Nghĩa - Đắk Nông,2026-04-02 - Thứ 5,2,"4,26%",,,,,,,,,,
819,Kho Giao Hàng Nặng - Buôn Ma Thuột - Đắk Lắk,2026-04-02 - Thứ 5,12,"3,51%",,,,,,,,,,
820,Kho Giao Hàng Nặng - Hoà Xuân - Đà Nẵng,2026-04-02 - Thứ 5,17,"5,21%",,,,,,,,,,
821,Kho Giao Hàng Nặng - Phan Rang - Ninh Thuận,2026-04-02 - Thứ 5,8,"4,94%",,,,,,,,,,
822,Kho Giao Hàng Nặng - Tuy Phong - Bình Thuận,2026-04-02 - Thứ 5,3,"5,45%",,,,,,,,,,
823,Kho Giao Hàng Nặng - Hoài Nhơn - Bình Định,2026-04-02 - Thứ 5,2,"6,67%",,,,,,,,,,
824,Kho Giao Hàng Nặng - Vinh - Nghệ An,2026-04-01 - Thứ 4,5,"3,16%",,,,,,,,,,
825,Kho Giao Hàng Nặng - Phan Rang - Ninh Thuận,2026-04-01 - Thứ 4,7,"6,03%",,,,,,,,,,
826,Kho Giao Hàng Nặng - Hoà Xuân - Đà Nẵng,2026-04-01 - Thứ 4,19,"7,57%",,,,,,,,,,
827,Kho Giao Hàng Nặng - Hoài Nhơn - Bình Định,2026-04-01 - Thứ 4,2,"2,67%",,,,,,,,,,
828,Kho Giao Hàng Nặng - Liên Chiểu - Đà Nẵng,2026-04-01 - Thứ 4,10,"2,63%",,,,,,,,,,
829,Kho Giao Hàng Nặng - Nha Trang - Khánh Hoà,2026-04-01 - Thứ 4,12,"3,86%",,,,,,,,,,
830,Kho Giao Hàng Nặng - Buôn Ma Thuột - Đắk Lắk,2026-04-01 - Thứ 4,16,"5,46%",,,,,,,,,,
831,Kho Giao Hàng Nặng - Hương Thủy - Huế,2026-04-01 - Thứ 4,7,"2,62%",,,,,,,,,,
832,Kho Giao Hàng Nặng - Thắng Lợi - Kon Tum,2026-04-01 - Thứ 4,2,"2,20%",,,,,,,,,,
833,Kho Giao Hàng Nặng - Quảng Ngãi - Quảng Ngãi,2026-04-01 - Thứ 4,7,"4,70%",,,,,,,,,,
834,Kho Giao Hàng Nặng - La Gi - Bình Thuận,2026-04-01 - Thứ 4,1,"1,14%",,,,,,,,,,
835,Kho Giao Hàng Nặng - Buôn Hồ - Đắk Lắk,2026-04-01 - Thứ 4,5,"7,69%",,,,,,,,,,
836,Kho Giao Hàng Nặng - Thạch Linh - Hà Tĩnh,2026-04-01 - Thứ 4,10,"14,29%",,,,,,,,,,
837,Kho Giao Hàng Nặng - Pleiku - Gia Lai,2026-04-01 - Thứ 4,4,"1,88%",,,,,,,,,,
838,Kho Giao Hàng Nặng - Phan Thiết - Bình Thuận,2026-04-01 - Thứ 4,5,"4,07%",,,,,,,,,,
839,Kho Giao Hàng Nặng - Tuy Hoà - Phú Yên,2026-04-01 - Thứ 4,5,"4,00%",,,,,,,,,,
840,Kho Giao Hàng Nặng - Hội An - Quảng Nam,2026-04-01 - Thứ 4,2,"1,36%",,,,,,,,,,
841,Kho Giao Hàng Nặng - Cam Ranh - Khánh Hoà,2026-04-01 - Thứ 4,8,"9,09%",,,,,,,,,,
842,Kho Giao Hàng Nặng - Quy Nhơn - Bình Định,2026-04-01 - Thứ 4,8,"2,66%",,,,,,,,,,
843,Kho Giao Hàng Nặng - Tuy Phong - Bình Thuận,2026-04-01 - Thứ 4,2,"3,51%",,,,,,,,,,
844,Kho Giao Hàng Nặng - Đông Hà - Quảng Trị,2026-04-01 - Thứ 4,2,"3,23%",,,,,,,,,,
845,Kho Giao Hàng Nặng - Gia Nghĩa - Đắk Nông,2026-04-01 - Thứ 4,3,"8,33%",,,,,,,,,,
846,Kho Giao Hàng Nặng - Đông Thọ - Thanh Hoá,2026-04-01 - Thứ 4,9,"5,29%",,,,,,,,,,
847,Kho Giao Hàng Nặng - Đồng Hới - Quảng Bình,2026-04-01 - Thứ 4,5,"5,10%",,,,,,,,,,
848,Kho Giao Hàng Nặng - Tam Kỳ - Quảng Nam,2026-04-01 - Thứ 4,4,"4,94%",,,,,,,,,,