STT,Kho,Ngày,KL gán,Số đơn gán,Số đơn GTC,% GTC
1,Kho Giao Hàng Nặng - Liên Chiểu - Đà Nẵng,2026-05-04 - Thứ 2,17.548,341,307,"90,03%"
2,Kho Giao Hàng Nặng - Nha Trang - Khánh Hoà,2026-05-04 - Thứ 2,11.901,326,273,"83,74%"
3,Kho Giao Hàng Nặng - Quy Nhơn - Bình Định,2026-05-04 - Thứ 2,10.425,276,253,"91,67%"
4,Kho Giao Hàng Nặng - Hoà Xuân - Đà Nẵng,2026-05-04 - Thứ 2,9.418,263,227,"86,31%"
5,Kho Giao Hàng Nặng - Đông Thọ - Thanh Hoá,2026-05-04 - Thứ 2,8.390,196,174,"88,78%"
6,Kho Giao Hàng Nặng - Vinh - Nghệ An,2026-05-04 - Thứ 2,7.011,240,185,"77,08%"
7,Kho Giao Hàng Nặng - Pleiku - Gia Lai,2026-05-04 - Thứ 2,6.573,179,166,"92,74%"
8,Kho Giao Hàng Nặng - Hương Thủy - Huế,2026-05-04 - Thứ 2,6.301,216,194,"89,81%"
9,Kho Giao Hàng Nặng - Buôn Ma Thuột - Đắk Lắk,2026-05-04 - Thứ 2,6.283,203,166,"81,77%"
10,Kho Giao Hàng Nặng - Phan Thiết - Bình Thuận,2026-05-04 - Thứ 2,5.836,130,98,"75,38%"
11,Kho Giao Hàng Nặng - Hội An - Quảng Nam,2026-05-04 - Thứ 2,4.553,172,155,"90,12%"
12,Kho Giao Hàng Nặng - Phan Rang - Ninh Thuận,2026-05-04 - Thứ 2,3.750,114,89,"78,07%"
13,Kho Giao Hàng Nặng - Tuy Hoà - Phú Yên,2026-05-04 - Thứ 2,2.921,109,103,"94,50%"
14,Kho Giao Hàng Nặng - Tam Kỳ - Quảng Nam,2026-05-04 - Thứ 2,2.801,102,89,"87,25%"
15,Kho Giao Hàng Nặng - Thạch Linh - Hà Tĩnh,2026-05-04 - Thứ 2,2.232,63,50,"79,37%"
16,Kho Giao Hàng Nặng - Đồng Hới - Quảng Bình,2026-05-04 - Thứ 2,2.097,51,43,"84,31%"
17,Kho Giao Hàng Nặng - Quảng Ngãi - Quảng Ngãi,2026-05-04 - Thứ 2,1.881,73,61,"83,56%"
18,Kho Giao Hàng Nặng - Buôn Hồ - Đắk Lắk,2026-05-04 - Thứ 2,1.845,69,60,"86,96%"
19,Kho Giao Hàng Nặng - Cam Ranh - Khánh Hoà,2026-05-04 - Thứ 2,1.734,68,60,"88,24%"
20,Kho Giao Hàng Nặng - Tuy Phong - Bình Thuận,2026-05-04 - Thứ 2,1.699,39,33,"84,62%"
21,Kho Giao Hàng Nặng - Đông Hà - Quảng Trị,2026-05-04 - Thứ 2,1.668,46,40,"86,96%"
22,Kho Giao Hàng Nặng - Gia Nghĩa - Đắk Nông,2026-05-04 - Thứ 2,1.646,39,36,"92,31%"
23,Kho Giao Hàng Nặng - La Gi - Bình Thuận,2026-05-04 - Thứ 2,1.587,40,34,"85,00%"
24,Kho Giao Hàng Nặng - Thắng Lợi - Kon Tum,2026-05-04 - Thứ 2,1.524,57,51,"89,47%"
25,Kho Giao Hàng Nặng - Hoài Nhơn - Bình Định,2026-05-04 - Thứ 2,1.393,42,31,"73,81%"
26,Kho Giao Hàng Nặng - Buôn Ma Thuột - Đắk Lắk,2026-05-03 - CN,10.153,192,148,"77,08%"
27,Kho Giao Hàng Nặng - Nha Trang - Khánh Hoà,2026-05-03 - CN,7.690,245,186,"75,92%"
28,Kho Giao Hàng Nặng - Liên Chiểu - Đà Nẵng,2026-05-03 - CN,6.262,161,124,"77,02%"
29,Kho Giao Hàng Nặng - Vinh - Nghệ An,2026-05-03 - CN,6.113,220,177,"80,45%"
30,Kho Giao Hàng Nặng - Hoà Xuân - Đà Nẵng,2026-05-03 - CN,5.054,154,115,"74,68%"
31,Kho Giao Hàng Nặng - Phan Thiết - Bình Thuận,2026-05-03 - CN,4.865,123,94,"76,42%"
32,Kho Giao Hàng Nặng - Đông Thọ - Thanh Hoá,2026-05-03 - CN,3.608,104,77,"74,04%"
33,Kho Giao Hàng Nặng - Hội An - Quảng Nam,2026-05-03 - CN,3.195,111,88,"79,28%"
34,Kho Giao Hàng Nặng - Phan Rang - Ninh Thuận,2026-05-03 - CN,3.063,101,78,"77,23%"
35,Kho Giao Hàng Nặng - Quảng Ngãi - Quảng Ngãi,2026-05-03 - CN,2.973,52,42,"80,77%"
36,Kho Giao Hàng Nặng - Quy Nhơn - Bình Định,2026-05-03 - CN,2.454,95,80,"84,21%"
37,Kho Giao Hàng Nặng - Pleiku - Gia Lai,2026-05-03 - CN,2.273,64,53,"82,81%"
38,Kho Giao Hàng Nặng - Đồng Hới - Quảng Bình,2026-05-03 - CN,2.125,81,66,"81,48%"
39,Kho Giao Hàng Nặng - Thạch Linh - Hà Tĩnh,2026-05-03 - CN,2.048,65,54,"83,08%"
40,Kho Giao Hàng Nặng - La Gi - Bình Thuận,2026-05-03 - CN,1.985,65,60,"92,31%"
41,Kho Giao Hàng Nặng - Cam Ranh - Khánh Hoà,2026-05-03 - CN,1.572,57,48,"84,21%"
42,Kho Giao Hàng Nặng - Tuy Phong - Bình Thuận,2026-05-03 - CN,1.410,33,26,"78,79%"
43,Kho Giao Hàng Nặng - Tuy Hoà - Phú Yên,2026-05-03 - CN,1.313,48,40,"83,33%"
44,Kho Giao Hàng Nặng - Thắng Lợi - Kon Tum,2026-05-03 - CN,1.201,35,30,"85,71%"
45,Kho Giao Hàng Nặng - Tam Kỳ - Quảng Nam,2026-05-03 - CN,986,38,31,"81,58%"
46,Kho Giao Hàng Nặng - Gia Nghĩa - Đắk Nông,2026-05-03 - CN,963,36,24,"66,67%"
47,Kho Giao Hàng Nặng - Hoài Nhơn - Bình Định,2026-05-03 - CN,958,38,29,"76,32%"
48,Kho Giao Hàng Nặng - Đông Hà - Quảng Trị,2026-05-03 - CN,711,23,20,"86,96%"
49,Kho Giao Hàng Nặng - Buôn Hồ - Đắk Lắk,2026-05-03 - CN,531,22,16,"72,73%"
50,Kho Giao Hàng Nặng - Liên Chiểu - Đà Nẵng,2026-05-02 - Thứ 7,18.202,289,214,"74,05%"
51,Kho Giao Hàng Nặng - Buôn Ma Thuột - Đắk Lắk,2026-05-02 - Thứ 7,8.449,253,190,"75,10%"
52,Kho Giao Hàng Nặng - Vinh - Nghệ An,2026-05-02 - Thứ 7,8.429,277,189,"68,23%"
53,Kho Giao Hàng Nặng - Đông Thọ - Thanh Hoá,2026-05-02 - Thứ 7,8.012,194,160,"82,47%"
54,Kho Giao Hàng Nặng - Nha Trang - Khánh Hoà,2026-05-02 - Thứ 7,7.966,226,171,"75,66%"
55,Kho Giao Hàng Nặng - Hội An - Quảng Nam,2026-05-02 - Thứ 7,7.529,223,165,"73,99%"
56,Kho Giao Hàng Nặng - Hoà Xuân - Đà Nẵng,2026-05-02 - Thứ 7,7.393,193,139,"72,02%"
57,Kho Giao Hàng Nặng - Hương Thủy - Huế,2026-05-02 - Thứ 7,5.612,108,89,"82,41%"
58,Kho Giao Hàng Nặng - Quảng Ngãi - Quảng Ngãi,2026-05-02 - Thứ 7,5.384,125,110,"88,00%"
59,Kho Giao Hàng Nặng - Quy Nhơn - Bình Định,2026-05-02 - Thứ 7,5.113,186,155,"83,33%"
60,Kho Giao Hàng Nặng - Phan Thiết - Bình Thuận,2026-05-02 - Thứ 7,3.844,110,80,"72,73%"
61,Kho Giao Hàng Nặng - Tam Kỳ - Quảng Nam,2026-05-02 - Thứ 7,3.170,106,90,"84,91%"
62,Kho Giao Hàng Nặng - Đồng Hới - Quảng Bình,2026-05-02 - Thứ 7,2.872,101,76,"75,25%"
63,Kho Giao Hàng Nặng - Pleiku - Gia Lai,2026-05-02 - Thứ 7,2.740,70,49,"70,00%"
64,Kho Giao Hàng Nặng - Phan Rang - Ninh Thuận,2026-05-02 - Thứ 7,2.730,94,61,"64,89%"
65,Kho Giao Hàng Nặng - Thạch Linh - Hà Tĩnh,2026-05-02 - Thứ 7,2.723,40,28,"70,00%"
66,Kho Giao Hàng Nặng - Tuy Phong - Bình Thuận,2026-05-02 - Thứ 7,2.426,60,50,"83,33%"
67,Kho Giao Hàng Nặng - Đông Hà - Quảng Trị,2026-05-02 - Thứ 7,1.947,51,43,"84,31%"
68,Kho Giao Hàng Nặng - Buôn Hồ - Đắk Lắk,2026-05-02 - Thứ 7,1.826,54,40,"74,07%"
69,Kho Giao Hàng Nặng - Tuy Hoà - Phú Yên,2026-05-02 - Thứ 7,1.813,56,45,"80,36%"
70,Kho Giao Hàng Nặng - Hoài Nhơn - Bình Định,2026-05-02 - Thứ 7,1.489,47,34,"72,34%"
71,Kho Giao Hàng Nặng - Gia Nghĩa - Đắk Nông,2026-05-02 - Thứ 7,1.477,51,36,"70,59%"
72,Kho Giao Hàng Nặng - Cam Ranh - Khánh Hoà,2026-05-02 - Thứ 7,1.432,50,38,"76,00%"
73,Kho Giao Hàng Nặng - Thắng Lợi - Kon Tum,2026-05-02 - Thứ 7,1.404,25,19,"76,00%"
74,Kho Giao Hàng Nặng - La Gi - Bình Thuận,2026-05-02 - Thứ 7,1.152,33,30,"90,91%"
75,Kho Giao Hàng Nặng - Liên Chiểu - Đà Nẵng,2026-05-01 - Thứ 6,34.786,325,248,"76,31%"
76,Kho Giao Hàng Nặng - Nha Trang - Khánh Hoà,2026-05-01 - Thứ 6,11.666,371,281,"75,74%"
77,Kho Giao Hàng Nặng - Quy Nhơn - Bình Định,2026-05-01 - Thứ 6,9.005,257,201,"78,21%"
78,Kho Giao Hàng Nặng - Buôn Ma Thuột - Đắk Lắk,2026-05-01 - Thứ 6,7.335,212,170,"80,19%"
79,Kho Giao Hàng Nặng - Phan Thiết - Bình Thuận,2026-05-01 - Thứ 6,6.048,156,118,"75,64%"
80,Kho Giao Hàng Nặng - Hoà Xuân - Đà Nẵng,2026-05-01 - Thứ 6,6.024,172,113,"65,70%"
81,Kho Giao Hàng Nặng - Hương Thủy - Huế,2026-05-01 - Thứ 6,5.888,164,130,"79,27%"
82,Kho Giao Hàng Nặng - Pleiku - Gia Lai,2026-05-01 - Thứ 6,5.705,148,117,"79,05%"
83,Kho Giao Hàng Nặng - Tuy Hoà - Phú Yên,2026-05-01 - Thứ 6,5.431,101,81,"80,20%"
84,Kho Giao Hàng Nặng - Phan Rang - Ninh Thuận,2026-05-01 - Thứ 6,5.127,167,122,"73,05%"
85,Kho Giao Hàng Nặng - Thắng Lợi - Kon Tum,2026-05-01 - Thứ 6,3.139,82,67,"81,71%"
86,Kho Giao Hàng Nặng - Gia Nghĩa - Đắk Nông,2026-05-01 - Thứ 6,2.364,84,71,"84,52%"
87,Kho Giao Hàng Nặng - Tuy Phong - Bình Thuận,2026-05-01 - Thứ 6,1.986,49,40,"81,63%"
88,Kho Giao Hàng Nặng - Thạch Linh - Hà Tĩnh,2026-05-01 - Thứ 6,1.513,40,24,"60,00%"
89,Kho Giao Hàng Nặng - La Gi - Bình Thuận,2026-05-01 - Thứ 6,1.249,43,38,"88,37%"
90,Kho Giao Hàng Nặng - Cam Ranh - Khánh Hoà,2026-05-01 - Thứ 6,1.206,44,35,"79,55%"
91,Kho Giao Hàng Nặng - Hoài Nhơn - Bình Định,2026-05-01 - Thứ 6,1.073,35,25,"71,43%"
92,Kho Giao Hàng Nặng - Buôn Hồ - Đắk Lắk,2026-05-01 - Thứ 6,1.007,33,24,"72,73%"
93,Kho Giao Hàng Nặng - Quảng Ngãi - Quảng Ngãi,2026-05-01 - Thứ 6,857,3,3,"100,00%"
94,Kho Giao Hàng Nặng - Đông Thọ - Thanh Hoá,2026-05-01 - Thứ 6,218,1,1,"100,00%"
95,Kho Giao Hàng Nặng - Đồng Hới - Quảng Bình,2026-05-01 - Thứ 6,73,3,1,"33,33%"
96,Kho Giao Hàng Nặng - Nha Trang - Khánh Hoà,2026-04-30 - Thứ 5,20.976,357,286,"80,11%"
97,Kho Giao Hàng Nặng - Liên Chiểu - Đà Nẵng,2026-04-30 - Thứ 5,11.067,321,237,"73,83%"
98,Kho Giao Hàng Nặng - Phan Thiết - Bình Thuận,2026-04-30 - Thứ 5,9.959,171,134,"78,36%"
99,Kho Giao Hàng Nặng - Buôn Ma Thuột - Đắk Lắk,2026-04-30 - Thứ 5,9.032,157,135,"85,99%"
100,Kho Giao Hàng Nặng - Hoà Xuân - Đà Nẵng,2026-04-30 - Thứ 5,8.832,257,201,"78,21%"
101,Kho Giao Hàng Nặng - Hương Thủy - Huế,2026-04-30 - Thứ 5,7.237,167,144,"86,23%"
102,Kho Giao Hàng Nặng - Vinh - Nghệ An,2026-04-30 - Thứ 5,6.533,142,101,"71,13%"
103,Kho Giao Hàng Nặng - Đông Thọ - Thanh Hoá,2026-04-30 - Thứ 5,5.808,105,83,"79,05%"
104,Kho Giao Hàng Nặng - Thắng Lợi - Kon Tum,2026-04-30 - Thứ 5,5.599,67,55,"82,09%"
105,Kho Giao Hàng Nặng - Pleiku - Gia Lai,2026-04-30 - Thứ 5,4.158,148,125,"84,46%"
106,Kho Giao Hàng Nặng - Hội An - Quảng Nam,2026-04-30 - Thứ 5,3.096,107,94,"87,85%"
107,Kho Giao Hàng Nặng - Đông Hà - Quảng Trị,2026-04-30 - Thứ 5,3.011,53,48,"90,57%"
108,Kho Giao Hàng Nặng - Cam Ranh - Khánh Hoà,2026-04-30 - Thứ 5,2.950,110,97,"88,18%"
109,Kho Giao Hàng Nặng - Tuy Hoà - Phú Yên,2026-04-30 - Thứ 5,2.705,101,85,"84,16%"
110,Kho Giao Hàng Nặng - Quảng Ngãi - Quảng Ngãi,2026-04-30 - Thứ 5,2.541,87,66,"75,86%"
111,Kho Giao Hàng Nặng - La Gi - Bình Thuận,2026-04-30 - Thứ 5,2.410,73,63,"86,30%"
112,Kho Giao Hàng Nặng - Phan Rang - Ninh Thuận,2026-04-30 - Thứ 5,2.384,3,3,"100,00%"
113,Kho Giao Hàng Nặng - Thạch Linh - Hà Tĩnh,2026-04-30 - Thứ 5,2.187,71,60,"84,51%"
114,Kho Giao Hàng Nặng - Tam Kỳ - Quảng Nam,2026-04-30 - Thứ 5,1.949,66,58,"87,88%"
115,Kho Giao Hàng Nặng - Đồng Hới - Quảng Bình,2026-04-30 - Thứ 5,1.901,45,34,"75,56%"
116,Kho Giao Hàng Nặng - Tuy Phong - Bình Thuận,2026-04-30 - Thứ 5,1.601,46,37,"80,43%"
117,Kho Giao Hàng Nặng - Hoài Nhơn - Bình Định,2026-04-30 - Thứ 5,1.374,53,44,"83,02%"
118,Kho Giao Hàng Nặng - Buôn Hồ - Đắk Lắk,2026-04-30 - Thứ 5,712,29,27,"93,10%"
119,Kho Giao Hàng Nặng - Liên Chiểu - Đà Nẵng,2026-04-29 - Thứ 4,24.524,399,354,"88,72%"
120,Kho Giao Hàng Nặng - Hương Thủy - Huế,2026-04-29 - Thứ 4,15.795,234,216,"92,31%"
121,Kho Giao Hàng Nặng - Nha Trang - Khánh Hoà,2026-04-29 - Thứ 4,14.928,406,342,"84,24%"
122,Kho Giao Hàng Nặng - Vinh - Nghệ An,2026-04-29 - Thứ 4,11.954,305,228,"74,75%"
123,Kho Giao Hàng Nặng - Quy Nhơn - Bình Định,2026-04-29 - Thứ 4,9.266,238,211,"88,66%"
124,Kho Giao Hàng Nặng - Buôn Ma Thuột - Đắk Lắk,2026-04-29 - Thứ 4,9.202,244,200,"81,97%"
125,Kho Giao Hàng Nặng - Đông Thọ - Thanh Hoá,2026-04-29 - Thứ 4,8.673,138,122,"88,41%"
126,Kho Giao Hàng Nặng - Hoà Xuân - Đà Nẵng,2026-04-29 - Thứ 4,8.618,242,215,"88,84%"
127,Kho Giao Hàng Nặng - Phan Thiết - Bình Thuận,2026-04-29 - Thứ 4,7.443,151,123,"81,46%"
128,Kho Giao Hàng Nặng - Pleiku - Gia Lai,2026-04-29 - Thứ 4,6.350,196,174,"88,78%"
129,Kho Giao Hàng Nặng - Phan Rang - Ninh Thuận,2026-04-29 - Thứ 4,4.596,153,136,"88,89%"
130,Kho Giao Hàng Nặng - Hội An - Quảng Nam,2026-04-29 - Thứ 4,4.224,144,137,"95,14%"
131,Kho Giao Hàng Nặng - Quảng Ngãi - Quảng Ngãi,2026-04-29 - Thứ 4,4.086,116,109,"93,97%"
132,Kho Giao Hàng Nặng - Tuy Hoà - Phú Yên,2026-04-29 - Thứ 4,3.594,124,113,"91,13%"
133,Kho Giao Hàng Nặng - Tuy Phong - Bình Thuận,2026-04-29 - Thứ 4,3.436,74,66,"89,19%"
134,Kho Giao Hàng Nặng - Cam Ranh - Khánh Hoà,2026-04-29 - Thứ 4,2.928,90,75,"83,33%"
135,Kho Giao Hàng Nặng - Hoài Nhơn - Bình Định,2026-04-29 - Thứ 4,2.696,80,65,"81,25%"
136,Kho Giao Hàng Nặng - Thắng Lợi - Kon Tum,2026-04-29 - Thứ 4,2.553,85,72,"84,71%"
137,Kho Giao Hàng Nặng - Thạch Linh - Hà Tĩnh,2026-04-29 - Thứ 4,2.539,72,56,"77,78%"
138,Kho Giao Hàng Nặng - Đồng Hới - Quảng Bình,2026-04-29 - Thứ 4,2.505,96,87,"90,63%"
139,Kho Giao Hàng Nặng - Tam Kỳ - Quảng Nam,2026-04-29 - Thứ 4,2.249,82,73,"89,02%"
140,Kho Giao Hàng Nặng - Gia Nghĩa - Đắk Nông,2026-04-29 - Thứ 4,2.244,53,46,"86,79%"
141,Kho Giao Hàng Nặng - Buôn Hồ - Đắk Lắk,2026-04-29 - Thứ 4,1.733,61,47,"77,05%"
142,Kho Giao Hàng Nặng - La Gi - Bình Thuận,2026-04-29 - Thứ 4,1.541,43,38,"88,37%"
143,Kho Giao Hàng Nặng - Đông Hà - Quảng Trị,2026-04-29 - Thứ 4,1.449,44,42,"95,45%"
144,Kho Giao Hàng Nặng - Liên Chiểu - Đà Nẵng,2026-04-28 - Thứ 3,22.634,520,471,"90,58%"
145,Kho Giao Hàng Nặng - Đông Thọ - Thanh Hoá,2026-04-28 - Thứ 3,14.033,234,209,"89,32%"
146,Kho Giao Hàng Nặng - Nha Trang - Khánh Hoà,2026-04-28 - Thứ 3,12.344,368,323,"87,77%"
147,Kho Giao Hàng Nặng - Vinh - Nghệ An,2026-04-28 - Thứ 3,10.902,317,248,"78,23%"
148,Kho Giao Hàng Nặng - Hoà Xuân - Đà Nẵng,2026-04-28 - Thứ 3,10.108,262,227,"86,64%"
149,Kho Giao Hàng Nặng - Buôn Ma Thuột - Đắk Lắk,2026-04-28 - Thứ 3,9.225,272,230,"84,56%"
150,Kho Giao Hàng Nặng - Quy Nhơn - Bình Định,2026-04-28 - Thứ 3,5.681,204,182,"89,22%"
151,Kho Giao Hàng Nặng - Phan Thiết - Bình Thuận,2026-04-28 - Thứ 3,5.648,177,149,"84,18%"
152,Kho Giao Hàng Nặng - Hương Thủy - Huế,2026-04-28 - Thứ 3,4.997,102,92,"90,20%"
153,Kho Giao Hàng Nặng - Phan Rang - Ninh Thuận,2026-04-28 - Thứ 3,4.874,145,131,"90,34%"
154,Kho Giao Hàng Nặng - Hội An - Quảng Nam,2026-04-28 - Thứ 3,4.754,165,154,"93,33%"
155,Kho Giao Hàng Nặng - Tuy Hoà - Phú Yên,2026-04-28 - Thứ 3,3.472,106,97,"91,51%"
156,Kho Giao Hàng Nặng - Thạch Linh - Hà Tĩnh,2026-04-28 - Thứ 3,3.462,105,84,"80,00%"
157,Kho Giao Hàng Nặng - Pleiku - Gia Lai,2026-04-28 - Thứ 3,3.262,74,60,"81,08%"
158,Kho Giao Hàng Nặng - Tuy Phong - Bình Thuận,2026-04-28 - Thứ 3,2.870,79,66,"83,54%"
159,Kho Giao Hàng Nặng - La Gi - Bình Thuận,2026-04-28 - Thứ 3,2.615,77,69,"89,61%"
160,Kho Giao Hàng Nặng - Cam Ranh - Khánh Hoà,2026-04-28 - Thứ 3,2.579,87,75,"86,21%"
161,Kho Giao Hàng Nặng - Đồng Hới - Quảng Bình,2026-04-28 - Thứ 3,2.507,116,107,"92,24%"
162,Kho Giao Hàng Nặng - Quảng Ngãi - Quảng Ngãi,2026-04-28 - Thứ 3,2.423,83,77,"92,77%"
163,Kho Giao Hàng Nặng - Buôn Hồ - Đắk Lắk,2026-04-28 - Thứ 3,1.974,76,60,"78,95%"
164,Kho Giao Hàng Nặng - Gia Nghĩa - Đắk Nông,2026-04-28 - Thứ 3,1.773,54,41,"75,93%"
165,Kho Giao Hàng Nặng - Thắng Lợi - Kon Tum,2026-04-28 - Thứ 3,1.600,48,40,"83,33%"
166,Kho Giao Hàng Nặng - Đông Hà - Quảng Trị,2026-04-28 - Thứ 3,1.477,37,35,"94,59%"
167,Kho Giao Hàng Nặng - Hoài Nhơn - Bình Định,2026-04-28 - Thứ 3,1.160,33,29,"87,88%"
168,Kho Giao Hàng Nặng - Tam Kỳ - Quảng Nam,2026-04-28 - Thứ 3,947,38,31,"81,58%"
169,Kho Giao Hàng Nặng - Liên Chiểu - Đà Nẵng,2026-04-27 - Thứ 2,34.950,340,257,"75,59%"
170,Kho Giao Hàng Nặng - Nha Trang - Khánh Hoà,2026-04-27 - Thứ 2,19.726,500,421,"84,20%"
171,Kho Giao Hàng Nặng - Vinh - Nghệ An,2026-04-27 - Thứ 2,11.985,286,208,"72,73%"
172,Kho Giao Hàng Nặng - Buôn Ma Thuột - Đắk Lắk,2026-04-27 - Thứ 2,11.981,370,297,"80,27%"
173,Kho Giao Hàng Nặng - Đông Thọ - Thanh Hoá,2026-04-27 - Thứ 2,10.692,209,184,"88,04%"
174,Kho Giao Hàng Nặng - Phan Thiết - Bình Thuận,2026-04-27 - Thứ 2,10.016,182,153,"84,07%"
175,Kho Giao Hàng Nặng - Hương Thủy - Huế,2026-04-27 - Thứ 2,9.792,292,272,"93,15%"
176,Kho Giao Hàng Nặng - Hoà Xuân - Đà Nẵng,2026-04-27 - Thứ 2,8.972,267,237,"88,76%"
177,Kho Giao Hàng Nặng - Quảng Ngãi - Quảng Ngãi,2026-04-27 - Thứ 2,8.503,172,162,"94,19%"
178,Kho Giao Hàng Nặng - Quy Nhơn - Bình Định,2026-04-27 - Thứ 2,7.998,306,271,"88,56%"
179,Kho Giao Hàng Nặng - Pleiku - Gia Lai,2026-04-27 - Thứ 2,7.876,219,199,"90,87%"
180,Kho Giao Hàng Nặng - Tuy Phong - Bình Thuận,2026-04-27 - Thứ 2,6.030,119,100,"84,03%"
181,Kho Giao Hàng Nặng - Phan Rang - Ninh Thuận,2026-04-27 - Thứ 2,5.903,139,117,"84,17%"
182,Kho Giao Hàng Nặng - Tuy Hoà - Phú Yên,2026-04-27 - Thứ 2,4.486,130,117,"90,00%"
183,Kho Giao Hàng Nặng - Đồng Hới - Quảng Bình,2026-04-27 - Thứ 2,4.257,95,82,"86,32%"
184,Kho Giao Hàng Nặng - Thắng Lợi - Kon Tum,2026-04-27 - Thứ 2,4.034,105,95,"90,48%"
185,Kho Giao Hàng Nặng - Hội An - Quảng Nam,2026-04-27 - Thứ 2,3.914,154,134,"87,01%"
186,Kho Giao Hàng Nặng - Cam Ranh - Khánh Hoà,2026-04-27 - Thứ 2,3.903,103,88,"85,44%"
187,Kho Giao Hàng Nặng - Thạch Linh - Hà Tĩnh,2026-04-27 - Thứ 2,3.889,86,70,"81,40%"
188,Kho Giao Hàng Nặng - Gia Nghĩa - Đắk Nông,2026-04-27 - Thứ 2,3.629,66,55,"83,33%"
189,Kho Giao Hàng Nặng - La Gi - Bình Thuận,2026-04-27 - Thứ 2,3.525,94,80,"85,11%"
190,Kho Giao Hàng Nặng - Tam Kỳ - Quảng Nam,2026-04-27 - Thứ 2,3.401,117,100,"85,47%"
191,Kho Giao Hàng Nặng - Hoài Nhơn - Bình Định,2026-04-27 - Thứ 2,3.374,115,90,"78,26%"
192,Kho Giao Hàng Nặng - Buôn Hồ - Đắk Lắk,2026-04-27 - Thứ 2,2.342,86,72,"83,72%"
193,Kho Giao Hàng Nặng - Đông Hà - Quảng Trị,2026-04-27 - Thứ 2,2.156,63,57,"90,48%"
194,Kho Giao Hàng Nặng - Liên Chiểu - Đà Nẵng,2026-04-26 - CN,30.004,412,350,"84,95%"
195,Kho Giao Hàng Nặng - Nha Trang - Khánh Hoà,2026-04-26 - CN,20.968,367,283,"77,11%"
196,Kho Giao Hàng Nặng - Buôn Ma Thuột - Đắk Lắk,2026-04-26 - CN,14.139,309,239,"77,35%"
197,Kho Giao Hàng Nặng - Vinh - Nghệ An,2026-04-26 - CN,12.114,255,210,"82,35%"
198,Kho Giao Hàng Nặng - Quy Nhơn - Bình Định,2026-04-26 - CN,11.966,256,227,"88,67%"
199,Kho Giao Hàng Nặng - Đông Thọ - Thanh Hoá,2026-04-26 - CN,10.032,220,183,"83,18%"
200,Kho Giao Hàng Nặng - Hoà Xuân - Đà Nẵng,2026-04-26 - CN,8.262,243,196,"80,66%"
201,Kho Giao Hàng Nặng - Phan Thiết - Bình Thuận,2026-04-26 - CN,8.083,177,148,"83,62%"
202,Kho Giao Hàng Nặng - Tuy Hoà - Phú Yên,2026-04-26 - CN,7.821,82,70,"85,37%"
203,Kho Giao Hàng Nặng - Pleiku - Gia Lai,2026-04-26 - CN,7.180,165,139,"84,24%"
204,Kho Giao Hàng Nặng - Quảng Ngãi - Quảng Ngãi,2026-04-26 - CN,7.026,128,110,"85,94%"
205,Kho Giao Hàng Nặng - Phan Rang - Ninh Thuận,2026-04-26 - CN,5.886,131,103,"78,63%"
206,Kho Giao Hàng Nặng - Hương Thủy - Huế,2026-04-26 - CN,4.995,163,147,"90,18%"
207,Kho Giao Hàng Nặng - Đồng Hới - Quảng Bình,2026-04-26 - CN,4.359,53,43,"81,13%"
208,Kho Giao Hàng Nặng - Hội An - Quảng Nam,2026-04-26 - CN,4.211,154,136,"88,31%"
209,Kho Giao Hàng Nặng - Thắng Lợi - Kon Tum,2026-04-26 - CN,3.981,118,108,"91,53%"
210,Kho Giao Hàng Nặng - Thạch Linh - Hà Tĩnh,2026-04-26 - CN,3.477,70,52,"74,29%"
211,Kho Giao Hàng Nặng - Đông Hà - Quảng Trị,2026-04-26 - CN,2.896,46,38,"82,61%"
212,Kho Giao Hàng Nặng - Tam Kỳ - Quảng Nam,2026-04-26 - CN,2.873,86,75,"87,21%"
213,Kho Giao Hàng Nặng - La Gi - Bình Thuận,2026-04-26 - CN,2.729,85,75,"88,24%"
214,Kho Giao Hàng Nặng - Cam Ranh - Khánh Hoà,2026-04-26 - CN,2.199,85,74,"87,06%"
215,Kho Giao Hàng Nặng - Gia Nghĩa - Đắk Nông,2026-04-26 - CN,1.939,65,51,"78,46%"
216,Kho Giao Hàng Nặng - Tuy Phong - Bình Thuận,2026-04-26 - CN,1.659,51,47,"92,16%"
217,Kho Giao Hàng Nặng - Hoài Nhơn - Bình Định,2026-04-26 - CN,1.443,42,34,"80,95%"
218,Kho Giao Hàng Nặng - Buôn Hồ - Đắk Lắk,2026-04-26 - CN,1.277,49,44,"89,80%"
219,Kho Giao Hàng Nặng - Liên Chiểu - Đà Nẵng,2026-04-25 - Thứ 7,38.462,481,426,"88,57%"
220,Kho Giao Hàng Nặng - Nha Trang - Khánh Hoà,2026-04-25 - Thứ 7,20.719,413,347,"84,02%"
221,Kho Giao Hàng Nặng - Quy Nhơn - Bình Định,2026-04-25 - Thứ 7,13.747,238,200,"84,03%"
222,Kho Giao Hàng Nặng - Phan Thiết - Bình Thuận,2026-04-25 - Thứ 7,13.668,187,158,"84,49%"
223,Kho Giao Hàng Nặng - Buôn Ma Thuột - Đắk Lắk,2026-04-25 - Thứ 7,12.077,239,190,"79,50%"
224,Kho Giao Hàng Nặng - Hoà Xuân - Đà Nẵng,2026-04-25 - Thứ 7,10.832,309,252,"81,55%"
225,Kho Giao Hàng Nặng - Hương Thủy - Huế,2026-04-25 - Thứ 7,9.799,228,211,"92,54%"
226,Kho Giao Hàng Nặng - Vinh - Nghệ An,2026-04-25 - Thứ 7,9.485,280,221,"78,93%"
227,Kho Giao Hàng Nặng - Phan Rang - Ninh Thuận,2026-04-25 - Thứ 7,8.822,121,102,"84,30%"
228,Kho Giao Hàng Nặng - Đông Thọ - Thanh Hoá,2026-04-25 - Thứ 7,7.275,180,158,"87,78%"
229,Kho Giao Hàng Nặng - Pleiku - Gia Lai,2026-04-25 - Thứ 7,6.876,186,161,"86,56%"
230,Kho Giao Hàng Nặng - Quảng Ngãi - Quảng Ngãi,2026-04-25 - Thứ 7,5.352,111,99,"89,19%"
231,Kho Giao Hàng Nặng - Hội An - Quảng Nam,2026-04-25 - Thứ 7,5.234,175,160,"91,43%"
232,Kho Giao Hàng Nặng - Đồng Hới - Quảng Bình,2026-04-25 - Thứ 7,4.065,100,78,"78,00%"
233,Kho Giao Hàng Nặng - Cam Ranh - Khánh Hoà,2026-04-25 - Thứ 7,3.641,116,94,"81,03%"
234,Kho Giao Hàng Nặng - Tuy Hoà - Phú Yên,2026-04-25 - Thứ 7,3.584,107,92,"85,98%"
235,Kho Giao Hàng Nặng - La Gi - Bình Thuận,2026-04-25 - Thứ 7,3.071,92,87,"94,57%"
236,Kho Giao Hàng Nặng - Hoài Nhơn - Bình Định,2026-04-25 - Thứ 7,2.804,99,81,"81,82%"
237,Kho Giao Hàng Nặng - Tam Kỳ - Quảng Nam,2026-04-25 - Thứ 7,2.537,75,62,"82,67%"
238,Kho Giao Hàng Nặng - Thạch Linh - Hà Tĩnh,2026-04-25 - Thứ 7,2.459,72,57,"79,17%"
239,Kho Giao Hàng Nặng - Buôn Hồ - Đắk Lắk,2026-04-25 - Thứ 7,2.282,75,55,"73,33%"
240,Kho Giao Hàng Nặng - Thắng Lợi - Kon Tum,2026-04-25 - Thứ 7,1.999,57,47,"82,46%"
241,Kho Giao Hàng Nặng - Gia Nghĩa - Đắk Nông,2026-04-25 - Thứ 7,1.942,51,35,"68,63%"
242,Kho Giao Hàng Nặng - Tuy Phong - Bình Thuận,2026-04-25 - Thứ 7,1.871,55,49,"89,09%"
243,Kho Giao Hàng Nặng - Đông Hà - Quảng Trị,2026-04-25 - Thứ 7,1.593,60,53,"88,33%"
244,Kho Giao Hàng Nặng - Liên Chiểu - Đà Nẵng,2026-04-24 - Thứ 6,51.265,498,447,"89,76%"
245,Kho Giao Hàng Nặng - Nha Trang - Khánh Hoà,2026-04-24 - Thứ 6,18.898,530,456,"86,04%"
246,Kho Giao Hàng Nặng - Buôn Ma Thuột - Đắk Lắk,2026-04-24 - Thứ 6,14.151,314,274,"87,26%"
247,Kho Giao Hàng Nặng - Hoà Xuân - Đà Nẵng,2026-04-24 - Thứ 6,13.096,367,303,"82,56%"
248,Kho Giao Hàng Nặng - Hương Thủy - Huế,2026-04-24 - Thứ 6,12.931,285,261,"91,58%"
249,Kho Giao Hàng Nặng - Quy Nhơn - Bình Định,2026-04-24 - Thứ 6,11.479,269,237,"88,10%"
250,Kho Giao Hàng Nặng - Vinh - Nghệ An,2026-04-24 - Thứ 6,11.129,281,239,"85,05%"
251,Kho Giao Hàng Nặng - Đông Thọ - Thanh Hoá,2026-04-24 - Thứ 6,9.580,198,175,"88,38%"
252,Kho Giao Hàng Nặng - Phan Thiết - Bình Thuận,2026-04-24 - Thứ 6,8.336,194,164,"84,54%"
253,Kho Giao Hàng Nặng - Pleiku - Gia Lai,2026-04-24 - Thứ 6,7.496,157,138,"87,90%"
254,Kho Giao Hàng Nặng - Đồng Hới - Quảng Bình,2026-04-24 - Thứ 6,6.401,138,121,"87,68%"
255,Kho Giao Hàng Nặng - Quảng Ngãi - Quảng Ngãi,2026-04-24 - Thứ 6,5.563,167,151,"90,42%"
256,Kho Giao Hàng Nặng - Phan Rang - Ninh Thuận,2026-04-24 - Thứ 6,4.977,146,120,"82,19%"
257,Kho Giao Hàng Nặng - Hội An - Quảng Nam,2026-04-24 - Thứ 6,4.488,164,151,"92,07%"
258,Kho Giao Hàng Nặng - Thắng Lợi - Kon Tum,2026-04-24 - Thứ 6,4.417,97,83,"85,57%"
259,Kho Giao Hàng Nặng - Tuy Hoà - Phú Yên,2026-04-24 - Thứ 6,4.176,106,94,"88,68%"
260,Kho Giao Hàng Nặng - Tuy Phong - Bình Thuận,2026-04-24 - Thứ 6,3.792,98,83,"84,69%"
261,Kho Giao Hàng Nặng - Cam Ranh - Khánh Hoà,2026-04-24 - Thứ 6,3.541,117,102,"87,18%"
262,Kho Giao Hàng Nặng - Tam Kỳ - Quảng Nam,2026-04-24 - Thứ 6,3.236,103,92,"89,32%"
263,Kho Giao Hàng Nặng - Đông Hà - Quảng Trị,2026-04-24 - Thứ 6,3.191,61,54,"88,52%"
264,Kho Giao Hàng Nặng - Thạch Linh - Hà Tĩnh,2026-04-24 - Thứ 6,2.746,94,81,"86,17%"
265,Kho Giao Hàng Nặng - La Gi - Bình Thuận,2026-04-24 - Thứ 6,2.555,74,61,"82,43%"
266,Kho Giao Hàng Nặng - Gia Nghĩa - Đắk Nông,2026-04-24 - Thứ 6,2.469,79,64,"81,01%"
267,Kho Giao Hàng Nặng - Buôn Hồ - Đắk Lắk,2026-04-24 - Thứ 6,2.153,67,59,"88,06%"
268,Kho Giao Hàng Nặng - Hoài Nhơn - Bình Định,2026-04-24 - Thứ 6,1.168,39,28,"71,79%"
269,Kho Giao Hàng Nặng - Liên Chiểu - Đà Nẵng,2026-04-23 - Thứ 5,30.610,520,463,"89,04%"
270,Kho Giao Hàng Nặng - Nha Trang - Khánh Hoà,2026-04-23 - Thứ 5,16.830,516,430,"83,33%"
271,Kho Giao Hàng Nặng - Buôn Ma Thuột - Đắk Lắk,2026-04-23 - Thứ 5,16.044,428,346,"80,84%"
272,Kho Giao Hàng Nặng - Vinh - Nghệ An,2026-04-23 - Thứ 5,12.864,308,250,"81,17%"
273,Kho Giao Hàng Nặng - Hương Thủy - Huế,2026-04-23 - Thứ 5,12.535,324,306,"94,44%"
274,Kho Giao Hàng Nặng - Hoà Xuân - Đà Nẵng,2026-04-23 - Thứ 5,12.288,354,314,"88,70%"
275,Kho Giao Hàng Nặng - Phan Thiết - Bình Thuận,2026-04-23 - Thứ 5,9.317,220,192,"87,27%"
276,Kho Giao Hàng Nặng - Quy Nhơn - Bình Định,2026-04-23 - Thứ 5,8.971,284,258,"90,85%"
277,Kho Giao Hàng Nặng - Đông Thọ - Thanh Hoá,2026-04-23 - Thứ 5,7.551,209,181,"86,60%"
278,Kho Giao Hàng Nặng - Pleiku - Gia Lai,2026-04-23 - Thứ 5,6.773,237,219,"92,41%"
279,Kho Giao Hàng Nặng - Thạch Linh - Hà Tĩnh,2026-04-23 - Thứ 5,4.687,100,82,"82,00%"
280,Kho Giao Hàng Nặng - Phan Rang - Ninh Thuận,2026-04-23 - Thứ 5,4.624,163,141,"86,50%"
281,Kho Giao Hàng Nặng - Đông Hà - Quảng Trị,2026-04-23 - Thứ 5,4.539,88,75,"85,23%"
282,Kho Giao Hàng Nặng - Quảng Ngãi - Quảng Ngãi,2026-04-23 - Thứ 5,4.423,121,111,"91,74%"
283,Kho Giao Hàng Nặng - Hội An - Quảng Nam,2026-04-23 - Thứ 5,4.314,167,154,"92,22%"
284,Kho Giao Hàng Nặng - Thắng Lợi - Kon Tum,2026-04-23 - Thứ 5,4.181,123,109,"88,62%"
285,Kho Giao Hàng Nặng - Tuy Hoà - Phú Yên,2026-04-23 - Thứ 5,4.070,122,119,"97,54%"
286,Kho Giao Hàng Nặng - Gia Nghĩa - Đắk Nông,2026-04-23 - Thứ 5,3.911,75,65,"86,67%"
287,Kho Giao Hàng Nặng - Cam Ranh - Khánh Hoà,2026-04-23 - Thứ 5,3.794,128,106,"82,81%"
288,Kho Giao Hàng Nặng - Đồng Hới - Quảng Bình,2026-04-23 - Thứ 5,3.282,102,95,"93,14%"
289,Kho Giao Hàng Nặng - La Gi - Bình Thuận,2026-04-23 - Thứ 5,3.159,99,93,"93,94%"
290,Kho Giao Hàng Nặng - Tuy Phong - Bình Thuận,2026-04-23 - Thứ 5,3.085,96,84,"87,50%"
291,Kho Giao Hàng Nặng - Tam Kỳ - Quảng Nam,2026-04-23 - Thứ 5,2.787,95,88,"92,63%"
292,Kho Giao Hàng Nặng - Buôn Hồ - Đắk Lắk,2026-04-23 - Thứ 5,2.563,95,74,"77,89%"
293,Kho Giao Hàng Nặng - Hoài Nhơn - Bình Định,2026-04-23 - Thứ 5,2.447,79,60,"75,95%"
294,Kho Giao Hàng Nặng - Liên Chiểu - Đà Nẵng,2026-04-22 - Thứ 4,45.694,434,391,"90,09%"
295,Kho Giao Hàng Nặng - Hương Thủy - Huế,2026-04-22 - Thứ 4,20.079,351,329,"93,73%"
296,Kho Giao Hàng Nặng - Nha Trang - Khánh Hoà,2026-04-22 - Thứ 4,17.186,419,365,"87,11%"
297,Kho Giao Hàng Nặng - Buôn Ma Thuột - Đắk Lắk,2026-04-22 - Thứ 4,10.716,304,244,"80,26%"
298,Kho Giao Hàng Nặng - Quy Nhơn - Bình Định,2026-04-22 - Thứ 4,10.177,357,315,"88,24%"
299,Kho Giao Hàng Nặng - Phan Thiết - Bình Thuận,2026-04-22 - Thứ 4,9.925,193,160,"82,90%"
300,Kho Giao Hàng Nặng - Vinh - Nghệ An,2026-04-22 - Thứ 4,9.705,267,229,"85,77%"
301,Kho Giao Hàng Nặng - Hoà Xuân - Đà Nẵng,2026-04-22 - Thứ 4,9.503,272,233,"85,66%"
302,Kho Giao Hàng Nặng - Pleiku - Gia Lai,2026-04-22 - Thứ 4,7.854,226,204,"90,27%"
303,Kho Giao Hàng Nặng - Đông Thọ - Thanh Hoá,2026-04-22 - Thứ 4,7.612,200,171,"85,50%"
304,Kho Giao Hàng Nặng - Quảng Ngãi - Quảng Ngãi,2026-04-22 - Thứ 4,7.133,134,123,"91,79%"
305,Kho Giao Hàng Nặng - Phan Rang - Ninh Thuận,2026-04-22 - Thứ 4,5.126,151,130,"86,09%"
306,Kho Giao Hàng Nặng - Hội An - Quảng Nam,2026-04-22 - Thứ 4,4.570,174,165,"94,83%"
307,Kho Giao Hàng Nặng - La Gi - Bình Thuận,2026-04-22 - Thứ 4,4.206,127,120,"94,49%"
308,Kho Giao Hàng Nặng - Cam Ranh - Khánh Hoà,2026-04-22 - Thứ 4,3.572,124,102,"82,26%"
309,Kho Giao Hàng Nặng - Đồng Hới - Quảng Bình,2026-04-22 - Thứ 4,3.343,103,92,"89,32%"
310,Kho Giao Hàng Nặng - Thạch Linh - Hà Tĩnh,2026-04-22 - Thứ 4,3.249,101,79,"78,22%"
311,Kho Giao Hàng Nặng - Tam Kỳ - Quảng Nam,2026-04-22 - Thứ 4,3.038,111,103,"92,79%"
312,Kho Giao Hàng Nặng - Gia Nghĩa - Đắk Nông,2026-04-22 - Thứ 4,2.977,77,62,"80,52%"
313,Kho Giao Hàng Nặng - Tuy Phong - Bình Thuận,2026-04-22 - Thứ 4,2.903,83,73,"87,95%"
314,Kho Giao Hàng Nặng - Tuy Hoà - Phú Yên,2026-04-22 - Thứ 4,2.884,108,100,"92,59%"
315,Kho Giao Hàng Nặng - Thắng Lợi - Kon Tum,2026-04-22 - Thứ 4,2.747,93,80,"86,02%"
316,Kho Giao Hàng Nặng - Buôn Hồ - Đắk Lắk,2026-04-22 - Thứ 4,2.746,93,80,"86,02%"
317,Kho Giao Hàng Nặng - Hoài Nhơn - Bình Định,2026-04-22 - Thứ 4,2.580,86,67,"77,91%"
318,Kho Giao Hàng Nặng - Đông Hà - Quảng Trị,2026-04-22 - Thứ 4,1.280,45,42,"93,33%"
319,Kho Giao Hàng Nặng - Liên Chiểu - Đà Nẵng,2026-04-21 - Thứ 3,22.702,355,310,"87,32%"
320,Kho Giao Hàng Nặng - Nha Trang - Khánh Hoà,2026-04-21 - Thứ 3,12.421,364,317,"87,09%"
321,Kho Giao Hàng Nặng - Đông Thọ - Thanh Hoá,2026-04-21 - Thứ 3,11.997,206,180,"87,38%"
322,Kho Giao Hàng Nặng - Vinh - Nghệ An,2026-04-21 - Thứ 3,11.165,308,238,"77,27%"
323,Kho Giao Hàng Nặng - Buôn Ma Thuột - Đắk Lắk,2026-04-21 - Thứ 3,10.342,291,245,"84,19%"
324,Kho Giao Hàng Nặng - Phan Thiết - Bình Thuận,2026-04-21 - Thứ 3,9.686,169,133,"78,70%"
325,Kho Giao Hàng Nặng - Hoà Xuân - Đà Nẵng,2026-04-21 - Thứ 3,6.029,136,108,"79,41%"
326,Kho Giao Hàng Nặng - Phan Rang - Ninh Thuận,2026-04-21 - Thứ 3,5.082,143,129,"90,21%"
327,Kho Giao Hàng Nặng - Hương Thủy - Huế,2026-04-21 - Thứ 3,4.962,114,101,"88,60%"
328,Kho Giao Hàng Nặng - Tuy Phong - Bình Thuận,2026-04-21 - Thứ 3,3.572,104,88,"84,62%"
329,Kho Giao Hàng Nặng - Hội An - Quảng Nam,2026-04-21 - Thứ 3,3.225,124,117,"94,35%"
330,Kho Giao Hàng Nặng - Đồng Hới - Quảng Bình,2026-04-21 - Thứ 3,2.945,57,52,"91,23%"
331,Kho Giao Hàng Nặng - Thắng Lợi - Kon Tum,2026-04-21 - Thứ 3,2.592,45,42,"93,33%"
332,Kho Giao Hàng Nặng - Quy Nhơn - Bình Định,2026-04-21 - Thứ 3,2.569,98,77,"78,57%"
333,Kho Giao Hàng Nặng - Pleiku - Gia Lai,2026-04-21 - Thứ 3,2.550,52,45,"86,54%"
334,Kho Giao Hàng Nặng - Quảng Ngãi - Quảng Ngãi,2026-04-21 - Thứ 3,2.485,59,51,"86,44%"
335,Kho Giao Hàng Nặng - Thạch Linh - Hà Tĩnh,2026-04-21 - Thứ 3,2.400,58,35,"60,34%"
336,Kho Giao Hàng Nặng - Đông Hà - Quảng Trị,2026-04-21 - Thứ 3,2.043,38,34,"89,47%"
337,Kho Giao Hàng Nặng - Tuy Hoà - Phú Yên,2026-04-21 - Thứ 3,1.927,70,60,"85,71%"
338,Kho Giao Hàng Nặng - Cam Ranh - Khánh Hoà,2026-04-21 - Thứ 3,1.636,54,40,"74,07%"
339,Kho Giao Hàng Nặng - Hoài Nhơn - Bình Định,2026-04-21 - Thứ 3,1.526,39,26,"66,67%"
340,Kho Giao Hàng Nặng - Tam Kỳ - Quảng Nam,2026-04-21 - Thứ 3,1.524,41,32,"78,05%"
341,Kho Giao Hàng Nặng - Gia Nghĩa - Đắk Nông,2026-04-21 - Thứ 3,1.353,30,21,"70,00%"
342,Kho Giao Hàng Nặng - Buôn Hồ - Đắk Lắk,2026-04-21 - Thứ 3,1.296,36,24,"66,67%"
343,Kho Giao Hàng Nặng - La Gi - Bình Thuận,2026-04-21 - Thứ 3,1.168,46,39,"84,78%"
344,Kho Giao Hàng Nặng - Liên Chiểu - Đà Nẵng,2026-04-20 - Thứ 2,33.423,459,394,"85,84%"
345,Kho Giao Hàng Nặng - Hương Thủy - Huế,2026-04-20 - Thứ 2,27.550,328,306,"93,29%"
346,Kho Giao Hàng Nặng - Nha Trang - Khánh Hoà,2026-04-20 - Thứ 2,15.855,487,415,"85,22%"
347,Kho Giao Hàng Nặng - Hoà Xuân - Đà Nẵng,2026-04-20 - Thứ 2,14.004,364,322,"88,46%"
348,Kho Giao Hàng Nặng - Buôn Ma Thuột - Đắk Lắk,2026-04-20 - Thứ 2,12.027,310,244,"78,71%"
349,Kho Giao Hàng Nặng - Vinh - Nghệ An,2026-04-20 - Thứ 2,11.609,360,288,"80,00%"
350,Kho Giao Hàng Nặng - Quy Nhơn - Bình Định,2026-04-20 - Thứ 2,11.440,215,187,"86,98%"
351,Kho Giao Hàng Nặng - Đông Thọ - Thanh Hoá,2026-04-20 - Thứ 2,10.196,192,167,"86,98%"
352,Kho Giao Hàng Nặng - Phan Thiết - Bình Thuận,2026-04-20 - Thứ 2,9.916,242,200,"82,64%"
353,Kho Giao Hàng Nặng - Pleiku - Gia Lai,2026-04-20 - Thứ 2,9.191,235,214,"91,06%"
354,Kho Giao Hàng Nặng - Quảng Ngãi - Quảng Ngãi,2026-04-20 - Thứ 2,7.654,129,120,"93,02%"
355,Kho Giao Hàng Nặng - Phan Rang - Ninh Thuận,2026-04-20 - Thứ 2,5.995,191,161,"84,29%"
356,Kho Giao Hàng Nặng - Hội An - Quảng Nam,2026-04-20 - Thứ 2,5.124,175,151,"86,29%"
357,Kho Giao Hàng Nặng - Tuy Hoà - Phú Yên,2026-04-20 - Thứ 2,4.278,111,96,"86,49%"
358,Kho Giao Hàng Nặng - Cam Ranh - Khánh Hoà,2026-04-20 - Thứ 2,4.148,118,100,"84,75%"
359,Kho Giao Hàng Nặng - La Gi - Bình Thuận,2026-04-20 - Thứ 2,3.909,118,105,"88,98%"
360,Kho Giao Hàng Nặng - Tuy Phong - Bình Thuận,2026-04-20 - Thứ 2,3.798,112,98,"87,50%"
361,Kho Giao Hàng Nặng - Đồng Hới - Quảng Bình,2026-04-20 - Thứ 2,3.555,73,64,"87,67%"
362,Kho Giao Hàng Nặng - Gia Nghĩa - Đắk Nông,2026-04-20 - Thứ 2,3.413,57,46,"80,70%"
363,Kho Giao Hàng Nặng - Thắng Lợi - Kon Tum,2026-04-20 - Thứ 2,3.027,94,82,"87,23%"
364,Kho Giao Hàng Nặng - Thạch Linh - Hà Tĩnh,2026-04-20 - Thứ 2,2.911,90,69,"76,67%"
365,Kho Giao Hàng Nặng - Tam Kỳ - Quảng Nam,2026-04-20 - Thứ 2,2.721,82,76,"92,68%"
366,Kho Giao Hàng Nặng - Buôn Hồ - Đắk Lắk,2026-04-20 - Thứ 2,2.405,73,61,"83,56%"
367,Kho Giao Hàng Nặng - Đông Hà - Quảng Trị,2026-04-20 - Thứ 2,1.656,43,41,"95,35%"
368,Kho Giao Hàng Nặng - Hoài Nhơn - Bình Định,2026-04-20 - Thứ 2,1.235,43,28,"65,12%"
369,Kho Giao Hàng Nặng - Liên Chiểu - Đà Nẵng,2026-04-19 - CN,22.599,563,463,"82,24%"
370,Kho Giao Hàng Nặng - Nha Trang - Khánh Hoà,2026-04-19 - CN,17.562,526,432,"82,13%"
371,Kho Giao Hàng Nặng - Buôn Ma Thuột - Đắk Lắk,2026-04-19 - CN,14.618,367,269,"73,30%"
372,Kho Giao Hàng Nặng - Hoà Xuân - Đà Nẵng,2026-04-19 - CN,14.238,418,361,"86,36%"
373,Kho Giao Hàng Nặng - Vinh - Nghệ An,2026-04-19 - CN,13.491,366,292,"79,78%"
374,Kho Giao Hàng Nặng - Hương Thủy - Huế,2026-04-19 - CN,11.044,387,347,"89,66%"
375,Kho Giao Hàng Nặng - Đông Thọ - Thanh Hoá,2026-04-19 - CN,9.963,229,199,"86,90%"
376,Kho Giao Hàng Nặng - Quy Nhơn - Bình Định,2026-04-19 - CN,9.675,271,234,"86,35%"
377,Kho Giao Hàng Nặng - Phan Rang - Ninh Thuận,2026-04-19 - CN,8.230,133,100,"75,19%"
378,Kho Giao Hàng Nặng - Phan Thiết - Bình Thuận,2026-04-19 - CN,8.013,248,202,"81,45%"
379,Kho Giao Hàng Nặng - Hội An - Quảng Nam,2026-04-19 - CN,4.910,177,150,"84,75%"
380,Kho Giao Hàng Nặng - Cam Ranh - Khánh Hoà,2026-04-19 - CN,4.313,131,112,"85,50%"
381,Kho Giao Hàng Nặng - Tuy Hoà - Phú Yên,2026-04-19 - CN,4.201,137,123,"89,78%"
382,Kho Giao Hàng Nặng - Quảng Ngãi - Quảng Ngãi,2026-04-19 - CN,4.020,134,121,"90,30%"
383,Kho Giao Hàng Nặng - Pleiku - Gia Lai,2026-04-19 - CN,3.985,109,85,"77,98%"
384,Kho Giao Hàng Nặng - Đồng Hới - Quảng Bình,2026-04-19 - CN,3.543,96,83,"86,46%"
385,Kho Giao Hàng Nặng - Tuy Phong - Bình Thuận,2026-04-19 - CN,3.398,111,88,"79,28%"
386,Kho Giao Hàng Nặng - Thắng Lợi - Kon Tum,2026-04-19 - CN,3.362,82,74,"90,24%"
387,Kho Giao Hàng Nặng - Tam Kỳ - Quảng Nam,2026-04-19 - CN,3.232,107,96,"89,72%"
388,Kho Giao Hàng Nặng - Thạch Linh - Hà Tĩnh,2026-04-19 - CN,2.808,89,68,"76,40%"
389,Kho Giao Hàng Nặng - Buôn Hồ - Đắk Lắk,2026-04-19 - CN,2.632,91,76,"83,52%"
390,Kho Giao Hàng Nặng - La Gi - Bình Thuận,2026-04-19 - CN,2.532,72,64,"88,89%"
391,Kho Giao Hàng Nặng - Đông Hà - Quảng Trị,2026-04-19 - CN,1.949,42,34,"80,95%"
392,Kho Giao Hàng Nặng - Gia Nghĩa - Đắk Nông,2026-04-19 - CN,1.879,69,52,"75,36%"
393,Kho Giao Hàng Nặng - Hoài Nhơn - Bình Định,2026-04-19 - CN,1.632,46,37,"80,43%"
394,Kho Giao Hàng Nặng - Liên Chiểu - Đà Nẵng,2026-04-18 - Thứ 7,39.208,603,513,"85,07%"
395,Kho Giao Hàng Nặng - Nha Trang - Khánh Hoà,2026-04-18 - Thứ 7,19.336,558,468,"83,87%"
396,Kho Giao Hàng Nặng - Hương Thủy - Huế,2026-04-18 - Thứ 7,18.311,447,389,"87,02%"
397,Kho Giao Hàng Nặng - Buôn Ma Thuột - Đắk Lắk,2026-04-18 - Thứ 7,16.443,409,314,"76,77%"
398,Kho Giao Hàng Nặng - Hoà Xuân - Đà Nẵng,2026-04-18 - Thứ 7,15.927,458,410,"89,52%"
399,Kho Giao Hàng Nặng - Quy Nhơn - Bình Định,2026-04-18 - Thứ 7,11.174,306,272,"88,89%"
400,Kho Giao Hàng Nặng - Phan Thiết - Bình Thuận,2026-04-18 - Thứ 7,10.345,310,261,"84,19%"
401,Kho Giao Hàng Nặng - Đông Thọ - Thanh Hoá,2026-04-18 - Thứ 7,9.391,242,209,"86,36%"
402,Kho Giao Hàng Nặng - Tuy Hoà - Phú Yên,2026-04-18 - Thứ 7,8.674,233,202,"86,70%"
403,Kho Giao Hàng Nặng - Vinh - Nghệ An,2026-04-18 - Thứ 7,8.293,245,185,"75,51%"
404,Kho Giao Hàng Nặng - Pleiku - Gia Lai,2026-04-18 - Thứ 7,7.467,207,186,"89,86%"
405,Kho Giao Hàng Nặng - Quảng Ngãi - Quảng Ngãi,2026-04-18 - Thứ 7,6.100,158,145,"91,77%"
406,Kho Giao Hàng Nặng - Hội An - Quảng Nam,2026-04-18 - Thứ 7,5.916,198,179,"90,40%"
407,Kho Giao Hàng Nặng - Phan Rang - Ninh Thuận,2026-04-18 - Thứ 7,5.693,175,144,"82,29%"
408,Kho Giao Hàng Nặng - Tuy Phong - Bình Thuận,2026-04-18 - Thứ 7,5.392,167,130,"77,84%"
409,Kho Giao Hàng Nặng - Tam Kỳ - Quảng Nam,2026-04-18 - Thứ 7,4.538,167,143,"85,63%"
410,Kho Giao Hàng Nặng - Đồng Hới - Quảng Bình,2026-04-18 - Thứ 7,4.463,147,125,"85,03%"
411,Kho Giao Hàng Nặng - Thắng Lợi - Kon Tum,2026-04-18 - Thứ 7,4.121,115,99,"86,09%"
412,Kho Giao Hàng Nặng - Thạch Linh - Hà Tĩnh,2026-04-18 - Thứ 7,3.937,129,103,"79,84%"
413,Kho Giao Hàng Nặng - Cam Ranh - Khánh Hoà,2026-04-18 - Thứ 7,3.757,117,99,"84,62%"
414,Kho Giao Hàng Nặng - La Gi - Bình Thuận,2026-04-18 - Thứ 7,3.134,110,95,"86,36%"
415,Kho Giao Hàng Nặng - Hoài Nhơn - Bình Định,2026-04-18 - Thứ 7,2.988,101,82,"81,19%"
416,Kho Giao Hàng Nặng - Đông Hà - Quảng Trị,2026-04-18 - Thứ 7,2.929,90,78,"86,67%"
417,Kho Giao Hàng Nặng - Buôn Hồ - Đắk Lắk,2026-04-18 - Thứ 7,2.703,95,75,"78,95%"
418,Kho Giao Hàng Nặng - Gia Nghĩa - Đắk Nông,2026-04-18 - Thứ 7,2.184,74,55,"74,32%"
419,Kho Giao Hàng Nặng - Liên Chiểu - Đà Nẵng,2026-04-17 - Thứ 6,32.496,578,481,"83,22%"
420,Kho Giao Hàng Nặng - Nha Trang - Khánh Hoà,2026-04-17 - Thứ 6,19.278,627,555,"88,52%"
421,Kho Giao Hàng Nặng - Hương Thủy - Huế,2026-04-17 - Thứ 6,19.197,480,441,"91,88%"
422,Kho Giao Hàng Nặng - Buôn Ma Thuột - Đắk Lắk,2026-04-17 - Thứ 6,14.339,336,260,"77,38%"
423,Kho Giao Hàng Nặng - Vinh - Nghệ An,2026-04-17 - Thứ 6,13.637,295,228,"77,29%"
424,Kho Giao Hàng Nặng - Hoà Xuân - Đà Nẵng,2026-04-17 - Thứ 6,13.052,379,284,"74,93%"
425,Kho Giao Hàng Nặng - Đông Thọ - Thanh Hoá,2026-04-17 - Thứ 6,10.168,305,257,"84,26%"
426,Kho Giao Hàng Nặng - Quy Nhơn - Bình Định,2026-04-17 - Thứ 6,9.010,310,276,"89,03%"
427,Kho Giao Hàng Nặng - Pleiku - Gia Lai,2026-04-17 - Thứ 6,8.574,247,221,"89,47%"
428,Kho Giao Hàng Nặng - Quảng Ngãi - Quảng Ngãi,2026-04-17 - Thứ 6,8.511,163,157,"96,32%"
429,Kho Giao Hàng Nặng - Phan Rang - Ninh Thuận,2026-04-17 - Thứ 6,6.515,203,182,"89,66%"
430,Kho Giao Hàng Nặng - Phan Thiết - Bình Thuận,2026-04-17 - Thứ 6,6.398,210,175,"83,33%"
431,Kho Giao Hàng Nặng - Tuy Hoà - Phú Yên,2026-04-17 - Thứ 6,6.238,118,111,"94,07%"
432,Kho Giao Hàng Nặng - Đông Hà - Quảng Trị,2026-04-17 - Thứ 6,5.572,84,77,"91,67%"
433,Kho Giao Hàng Nặng - Đồng Hới - Quảng Bình,2026-04-17 - Thứ 6,5.501,111,87,"78,38%"
434,Kho Giao Hàng Nặng - Hội An - Quảng Nam,2026-04-17 - Thứ 6,4.944,199,180,"90,45%"
435,Kho Giao Hàng Nặng - Cam Ranh - Khánh Hoà,2026-04-17 - Thứ 6,4.456,157,138,"87,90%"
436,Kho Giao Hàng Nặng - Tuy Phong - Bình Thuận,2026-04-17 - Thứ 6,4.003,129,105,"81,40%"
437,Kho Giao Hàng Nặng - Thạch Linh - Hà Tĩnh,2026-04-17 - Thứ 6,3.808,124,95,"76,61%"
438,Kho Giao Hàng Nặng - Tam Kỳ - Quảng Nam,2026-04-17 - Thứ 6,3.776,141,124,"87,94%"
439,Kho Giao Hàng Nặng - Thắng Lợi - Kon Tum,2026-04-17 - Thứ 6,3.773,123,113,"91,87%"
440,Kho Giao Hàng Nặng - La Gi - Bình Thuận,2026-04-17 - Thứ 6,3.219,111,98,"88,29%"
441,Kho Giao Hàng Nặng - Gia Nghĩa - Đắk Nông,2026-04-17 - Thứ 6,2.314,65,55,"84,62%"
442,Kho Giao Hàng Nặng - Hoài Nhơn - Bình Định,2026-04-17 - Thứ 6,2.111,73,59,"80,82%"
443,Kho Giao Hàng Nặng - Buôn Hồ - Đắk Lắk,2026-04-17 - Thứ 6,1.712,65,54,"83,08%"
444,Kho Giao Hàng Nặng - Liên Chiểu - Đà Nẵng,2026-04-16 - Thứ 5,30.362,619,554,"89,50%"
445,Kho Giao Hàng Nặng - Nha Trang - Khánh Hoà,2026-04-16 - Thứ 5,20.722,537,481,"89,57%"
446,Kho Giao Hàng Nặng - Buôn Ma Thuột - Đắk Lắk,2026-04-16 - Thứ 5,13.546,287,234,"81,53%"
447,Kho Giao Hàng Nặng - Đông Thọ - Thanh Hoá,2026-04-16 - Thứ 5,13.525,250,197,"78,80%"
448,Kho Giao Hàng Nặng - Phan Thiết - Bình Thuận,2026-04-16 - Thứ 5,10.055,241,206,"85,48%"
449,Kho Giao Hàng Nặng - Hoà Xuân - Đà Nẵng,2026-04-16 - Thứ 5,9.489,299,269,"89,97%"
450,Kho Giao Hàng Nặng - Hương Thủy - Huế,2026-04-16 - Thứ 5,9.377,375,345,"92,00%"
451,Kho Giao Hàng Nặng - Vinh - Nghệ An,2026-04-16 - Thứ 5,9.320,293,221,"75,43%"
452,Kho Giao Hàng Nặng - Đồng Hới - Quảng Bình,2026-04-16 - Thứ 5,8.979,139,121,"87,05%"
453,Kho Giao Hàng Nặng - Quy Nhơn - Bình Định,2026-04-16 - Thứ 5,7.940,228,199,"87,28%"
454,Kho Giao Hàng Nặng - Quảng Ngãi - Quảng Ngãi,2026-04-16 - Thứ 5,6.709,152,140,"92,11%"
455,Kho Giao Hàng Nặng - Hội An - Quảng Nam,2026-04-16 - Thứ 5,5.568,199,170,"85,43%"
456,Kho Giao Hàng Nặng - Pleiku - Gia Lai,2026-04-16 - Thứ 5,5.224,191,181,"94,76%"
457,Kho Giao Hàng Nặng - Tuy Hoà - Phú Yên,2026-04-16 - Thứ 5,5.078,121,108,"89,26%"
458,Kho Giao Hàng Nặng - Phan Rang - Ninh Thuận,2026-04-16 - Thứ 5,4.453,110,94,"85,45%"
459,Kho Giao Hàng Nặng - Thạch Linh - Hà Tĩnh,2026-04-16 - Thứ 5,3.872,121,92,"76,03%"
460,Kho Giao Hàng Nặng - Buôn Hồ - Đắk Lắk,2026-04-16 - Thứ 5,2.870,98,82,"83,67%"
461,Kho Giao Hàng Nặng - Cam Ranh - Khánh Hoà,2026-04-16 - Thứ 5,2.616,83,70,"84,34%"
462,Kho Giao Hàng Nặng - Gia Nghĩa - Đắk Nông,2026-04-16 - Thứ 5,2.614,89,78,"87,64%"
463,Kho Giao Hàng Nặng - Thắng Lợi - Kon Tum,2026-04-16 - Thứ 5,2.516,88,76,"86,36%"
464,Kho Giao Hàng Nặng - Tam Kỳ - Quảng Nam,2026-04-16 - Thứ 5,2.497,79,71,"89,87%"
465,Kho Giao Hàng Nặng - La Gi - Bình Thuận,2026-04-16 - Thứ 5,2.221,92,79,"85,87%"
466,Kho Giao Hàng Nặng - Hoài Nhơn - Bình Định,2026-04-16 - Thứ 5,2.184,73,53,"72,60%"
467,Kho Giao Hàng Nặng - Đông Hà - Quảng Trị,2026-04-16 - Thứ 5,2.113,71,65,"91,55%"
468,Kho Giao Hàng Nặng - Tuy Phong - Bình Thuận,2026-04-16 - Thứ 5,1.914,70,55,"78,57%"
469,Kho Giao Hàng Nặng - Liên Chiểu - Đà Nẵng,2026-04-15 - Thứ 4,22.988,378,328,"86,77%"
470,Kho Giao Hàng Nặng - Nha Trang - Khánh Hoà,2026-04-15 - Thứ 4,20.363,435,369,"84,83%"
471,Kho Giao Hàng Nặng - Hương Thủy - Huế,2026-04-15 - Thứ 4,14.418,284,259,"91,20%"
472,Kho Giao Hàng Nặng - Buôn Ma Thuột - Đắk Lắk,2026-04-15 - Thứ 4,11.944,350,290,"82,86%"
473,Kho Giao Hàng Nặng - Phan Thiết - Bình Thuận,2026-04-15 - Thứ 4,11.316,204,167,"81,86%"
474,Kho Giao Hàng Nặng - Vinh - Nghệ An,2026-04-15 - Thứ 4,10.500,344,247,"71,80%"
475,Kho Giao Hàng Nặng - Hoà Xuân - Đà Nẵng,2026-04-15 - Thứ 4,9.819,281,247,"87,90%"
476,Kho Giao Hàng Nặng - Đông Thọ - Thanh Hoá,2026-04-15 - Thứ 4,9.241,289,243,"84,08%"
477,Kho Giao Hàng Nặng - Quy Nhơn - Bình Định,2026-04-15 - Thứ 4,8.445,285,259,"90,88%"
478,Kho Giao Hàng Nặng - Quảng Ngãi - Quảng Ngãi,2026-04-15 - Thứ 4,6.580,133,119,"89,47%"
479,Kho Giao Hàng Nặng - Pleiku - Gia Lai,2026-04-15 - Thứ 4,6.287,199,179,"89,95%"
480,Kho Giao Hàng Nặng - Hội An - Quảng Nam,2026-04-15 - Thứ 4,5.636,211,191,"90,52%"
481,Kho Giao Hàng Nặng - Phan Rang - Ninh Thuận,2026-04-15 - Thứ 4,4.779,132,112,"84,85%"
482,Kho Giao Hàng Nặng - Tuy Hoà - Phú Yên,2026-04-15 - Thứ 4,4.285,148,134,"90,54%"
483,Kho Giao Hàng Nặng - Thạch Linh - Hà Tĩnh,2026-04-15 - Thứ 4,3.624,123,93,"75,61%"
484,Kho Giao Hàng Nặng - Thắng Lợi - Kon Tum,2026-04-15 - Thứ 4,3.222,89,78,"87,64%"
485,Kho Giao Hàng Nặng - La Gi - Bình Thuận,2026-04-15 - Thứ 4,2.964,96,85,"88,54%"
486,Kho Giao Hàng Nặng - Tam Kỳ - Quảng Nam,2026-04-15 - Thứ 4,2.587,99,85,"85,86%"
487,Kho Giao Hàng Nặng - Tuy Phong - Bình Thuận,2026-04-15 - Thứ 4,2.386,90,71,"78,89%"
488,Kho Giao Hàng Nặng - Cam Ranh - Khánh Hoà,2026-04-15 - Thứ 4,2.228,92,82,"89,13%"
489,Kho Giao Hàng Nặng - Hoài Nhơn - Bình Định,2026-04-15 - Thứ 4,2.211,83,62,"74,70%"
490,Kho Giao Hàng Nặng - Đông Hà - Quảng Trị,2026-04-15 - Thứ 4,1.982,61,54,"88,52%"
491,Kho Giao Hàng Nặng - Buôn Hồ - Đắk Lắk,2026-04-15 - Thứ 4,1.722,68,59,"86,76%"
492,Kho Giao Hàng Nặng - Gia Nghĩa - Đắk Nông,2026-04-15 - Thứ 4,1.379,36,27,"75,00%"
493,Kho Giao Hàng Nặng - Đồng Hới - Quảng Bình,2026-04-15 - Thứ 4,1.360,49,40,"81,63%"
494,Kho Giao Hàng Nặng - Liên Chiểu - Đà Nẵng,2026-04-14 - Thứ 3,23.689,387,306,"79,07%"
495,Kho Giao Hàng Nặng - Nha Trang - Khánh Hoà,2026-04-14 - Thứ 3,17.342,446,378,"84,75%"
496,Kho Giao Hàng Nặng - Vinh - Nghệ An,2026-04-14 - Thứ 3,14.519,345,280,"81,16%"
497,Kho Giao Hàng Nặng - Hương Thủy - Huế,2026-04-14 - Thứ 3,14.037,356,327,"91,85%"
498,Kho Giao Hàng Nặng - Hoà Xuân - Đà Nẵng,2026-04-14 - Thứ 3,11.221,316,268,"84,81%"
499,Kho Giao Hàng Nặng - Đông Thọ - Thanh Hoá,2026-04-14 - Thứ 3,9.657,327,291,"88,99%"
500,Kho Giao Hàng Nặng - Phan Thiết - Bình Thuận,2026-04-14 - Thứ 3,7.463,189,157,"83,07%"
501,Kho Giao Hàng Nặng - Thạch Linh - Hà Tĩnh,2026-04-14 - Thứ 3,5.732,158,128,"81,01%"
502,Kho Giao Hàng Nặng - Tuy Hoà - Phú Yên,2026-04-14 - Thứ 3,4.547,146,136,"93,15%"
503,Kho Giao Hàng Nặng - Quy Nhơn - Bình Định,2026-04-14 - Thứ 3,4.299,161,141,"87,58%"
504,Kho Giao Hàng Nặng - Phan Rang - Ninh Thuận,2026-04-14 - Thứ 3,4.215,161,138,"85,71%"
505,Kho Giao Hàng Nặng - Hội An - Quảng Nam,2026-04-14 - Thứ 3,3.940,151,128,"84,77%"
506,Kho Giao Hàng Nặng - Buôn Ma Thuột - Đắk Lắk,2026-04-14 - Thứ 3,3.920,135,99,"73,33%"
507,Kho Giao Hàng Nặng - Pleiku - Gia Lai,2026-04-14 - Thứ 3,3.562,129,113,"87,60%"
508,Kho Giao Hàng Nặng - Đồng Hới - Quảng Bình,2026-04-14 - Thứ 3,3.313,105,95,"90,48%"
509,Kho Giao Hàng Nặng - Cam Ranh - Khánh Hoà,2026-04-14 - Thứ 3,3.287,105,93,"88,57%"
510,Kho Giao Hàng Nặng - Quảng Ngãi - Quảng Ngãi,2026-04-14 - Thứ 3,3.151,70,61,"87,14%"
511,Kho Giao Hàng Nặng - Tuy Phong - Bình Thuận,2026-04-14 - Thứ 3,2.909,102,83,"81,37%"
512,Kho Giao Hàng Nặng - Tam Kỳ - Quảng Nam,2026-04-14 - Thứ 3,2.520,88,78,"88,64%"
513,Kho Giao Hàng Nặng - Gia Nghĩa - Đắk Nông,2026-04-14 - Thứ 3,2.426,78,63,"80,77%"
514,Kho Giao Hàng Nặng - La Gi - Bình Thuận,2026-04-14 - Thứ 3,2.046,71,64,"90,14%"
515,Kho Giao Hàng Nặng - Thắng Lợi - Kon Tum,2026-04-14 - Thứ 3,1.342,49,45,"91,84%"
516,Kho Giao Hàng Nặng - Buôn Hồ - Đắk Lắk,2026-04-14 - Thứ 3,1.152,40,33,"82,50%"
517,Kho Giao Hàng Nặng - Đông Hà - Quảng Trị,2026-04-14 - Thứ 3,991,28,26,"92,86%"
518,Kho Giao Hàng Nặng - Hoài Nhơn - Bình Định,2026-04-14 - Thứ 3,780,31,23,"74,19%"
519,Kho Giao Hàng Nặng - Liên Chiểu - Đà Nẵng,2026-04-13 - Thứ 2,23.553,488,416,"85,25%"
520,Kho Giao Hàng Nặng - Nha Trang - Khánh Hoà,2026-04-13 - Thứ 2,21.653,665,569,"85,56%"
521,Kho Giao Hàng Nặng - Hoà Xuân - Đà Nẵng,2026-04-13 - Thứ 2,14.542,401,344,"85,79%"
522,Kho Giao Hàng Nặng - Buôn Ma Thuột - Đắk Lắk,2026-04-13 - Thứ 2,14.221,323,263,"81,42%"
523,Kho Giao Hàng Nặng - Vinh - Nghệ An,2026-04-13 - Thứ 2,12.737,342,265,"77,49%"
524,Kho Giao Hàng Nặng - Đông Thọ - Thanh Hoá,2026-04-13 - Thứ 2,12.078,319,281,"88,09%"
525,Kho Giao Hàng Nặng - Hương Thủy - Huế,2026-04-13 - Thứ 2,12.017,364,328,"90,11%"
526,Kho Giao Hàng Nặng - Quy Nhơn - Bình Định,2026-04-13 - Thứ 2,9.460,281,249,"88,61%"
527,Kho Giao Hàng Nặng - Pleiku - Gia Lai,2026-04-13 - Thứ 2,8.574,227,201,"88,55%"
528,Kho Giao Hàng Nặng - Phan Thiết - Bình Thuận,2026-04-13 - Thứ 2,7.761,226,190,"84,07%"
529,Kho Giao Hàng Nặng - Cam Ranh - Khánh Hoà,2026-04-13 - Thứ 2,5.872,157,133,"84,71%"
530,Kho Giao Hàng Nặng - Thắng Lợi - Kon Tum,2026-04-13 - Thứ 2,5.699,95,85,"89,47%"
531,Kho Giao Hàng Nặng - Quảng Ngãi - Quảng Ngãi,2026-04-13 - Thứ 2,5.447,176,162,"92,05%"
532,Kho Giao Hàng Nặng - Phan Rang - Ninh Thuận,2026-04-13 - Thứ 2,4.812,152,134,"88,16%"
533,Kho Giao Hàng Nặng - Tuy Hoà - Phú Yên,2026-04-13 - Thứ 2,4.795,142,127,"89,44%"
534,Kho Giao Hàng Nặng - Tam Kỳ - Quảng Nam,2026-04-13 - Thứ 2,4.494,160,138,"86,25%"
535,Kho Giao Hàng Nặng - Thạch Linh - Hà Tĩnh,2026-04-13 - Thứ 2,4.392,124,89,"71,77%"
536,Kho Giao Hàng Nặng - Hội An - Quảng Nam,2026-04-13 - Thứ 2,4.228,143,122,"85,31%"
537,Kho Giao Hàng Nặng - Đồng Hới - Quảng Bình,2026-04-13 - Thứ 2,3.863,127,111,"87,40%"
538,Kho Giao Hàng Nặng - Tuy Phong - Bình Thuận,2026-04-13 - Thứ 2,3.635,118,94,"79,66%"
539,Kho Giao Hàng Nặng - Gia Nghĩa - Đắk Nông,2026-04-13 - Thứ 2,2.943,66,48,"72,73%"
540,Kho Giao Hàng Nặng - Hoài Nhơn - Bình Định,2026-04-13 - Thứ 2,2.630,76,56,"73,68%"
541,Kho Giao Hàng Nặng - La Gi - Bình Thuận,2026-04-13 - Thứ 2,2.347,83,80,"96,39%"
542,Kho Giao Hàng Nặng - Buôn Hồ - Đắk Lắk,2026-04-13 - Thứ 2,2.239,81,72,"88,89%"
543,Kho Giao Hàng Nặng - Đông Hà - Quảng Trị,2026-04-13 - Thứ 2,1.036,37,35,"94,59%"
544,Kho Giao Hàng Nặng - Liên Chiểu - Đà Nẵng,2026-04-12 - CN,26.406,644,518,"80,43%"
545,Kho Giao Hàng Nặng - Nha Trang - Khánh Hoà,2026-04-12 - CN,21.639,739,613,"82,95%"
546,Kho Giao Hàng Nặng - Hoà Xuân - Đà Nẵng,2026-04-12 - CN,14.975,399,321,"80,45%"
547,Kho Giao Hàng Nặng - Buôn Ma Thuột - Đắk Lắk,2026-04-12 - CN,14.677,386,305,"79,02%"
548,Kho Giao Hàng Nặng - Quy Nhơn - Bình Định,2026-04-12 - CN,13.896,300,263,"87,67%"
549,Kho Giao Hàng Nặng - Vinh - Nghệ An,2026-04-12 - CN,12.944,331,248,"74,92%"
550,Kho Giao Hàng Nặng - Hương Thủy - Huế,2026-04-12 - CN,11.097,372,345,"92,74%"
551,Kho Giao Hàng Nặng - Đông Thọ - Thanh Hoá,2026-04-12 - CN,10.201,294,245,"83,33%"
552,Kho Giao Hàng Nặng - Pleiku - Gia Lai,2026-04-12 - CN,9.644,241,204,"84,65%"
553,Kho Giao Hàng Nặng - Phan Thiết - Bình Thuận,2026-04-12 - CN,6.967,241,207,"85,89%"
554,Kho Giao Hàng Nặng - Phan Rang - Ninh Thuận,2026-04-12 - CN,5.092,171,137,"80,12%"
555,Kho Giao Hàng Nặng - Cam Ranh - Khánh Hoà,2026-04-12 - CN,5.039,146,121,"82,88%"
556,Kho Giao Hàng Nặng - Hội An - Quảng Nam,2026-04-12 - CN,4.990,182,150,"82,42%"
557,Kho Giao Hàng Nặng - La Gi - Bình Thuận,2026-04-12 - CN,4.341,132,118,"89,39%"
558,Kho Giao Hàng Nặng - Quảng Ngãi - Quảng Ngãi,2026-04-12 - CN,4.310,125,102,"81,60%"
559,Kho Giao Hàng Nặng - Thạch Linh - Hà Tĩnh,2026-04-12 - CN,4.205,112,77,"68,75%"
560,Kho Giao Hàng Nặng - Tuy Phong - Bình Thuận,2026-04-12 - CN,4.072,126,98,"77,78%"
561,Kho Giao Hàng Nặng - Đồng Hới - Quảng Bình,2026-04-12 - CN,3.356,111,94,"84,68%"
562,Kho Giao Hàng Nặng - Tuy Hoà - Phú Yên,2026-04-12 - CN,3.137,103,86,"83,50%"
563,Kho Giao Hàng Nặng - Đông Hà - Quảng Trị,2026-04-12 - CN,3.026,94,90,"95,74%"
564,Kho Giao Hàng Nặng - Thắng Lợi - Kon Tum,2026-04-12 - CN,2.900,86,74,"86,05%"
565,Kho Giao Hàng Nặng - Tam Kỳ - Quảng Nam,2026-04-12 - CN,2.884,103,73,"70,87%"
566,Kho Giao Hàng Nặng - Hoài Nhơn - Bình Định,2026-04-12 - CN,2.691,79,59,"74,68%"
567,Kho Giao Hàng Nặng - Gia Nghĩa - Đắk Nông,2026-04-12 - CN,2.042,59,40,"67,80%"
568,Kho Giao Hàng Nặng - Buôn Hồ - Đắk Lắk,2026-04-12 - CN,2.037,72,67,"93,06%"
569,Kho Giao Hàng Nặng - Liên Chiểu - Đà Nẵng,2026-04-11 - Thứ 7,27.192,491,364,"74,13%"
570,Kho Giao Hàng Nặng - Nha Trang - Khánh Hoà,2026-04-11 - Thứ 7,20.516,611,524,"85,76%"
571,Kho Giao Hàng Nặng - Hoà Xuân - Đà Nẵng,2026-04-11 - Thứ 7,15.821,413,342,"82,81%"
572,Kho Giao Hàng Nặng - Buôn Ma Thuột - Đắk Lắk,2026-04-11 - Thứ 7,15.354,333,284,"85,29%"
573,Kho Giao Hàng Nặng - Hương Thủy - Huế,2026-04-11 - Thứ 7,11.355,343,313,"91,25%"
574,Kho Giao Hàng Nặng - Vinh - Nghệ An,2026-04-11 - Thứ 7,10.607,306,233,"76,14%"
575,Kho Giao Hàng Nặng - Đông Thọ - Thanh Hoá,2026-04-11 - Thứ 7,9.420,331,294,"88,82%"
576,Kho Giao Hàng Nặng - Phan Thiết - Bình Thuận,2026-04-11 - Thứ 7,8.523,245,212,"86,53%"
577,Kho Giao Hàng Nặng - Quy Nhơn - Bình Định,2026-04-11 - Thứ 7,7.452,260,233,"89,62%"
578,Kho Giao Hàng Nặng - Hội An - Quảng Nam,2026-04-11 - Thứ 7,6.004,216,190,"87,96%"
579,Kho Giao Hàng Nặng - Tuy Hoà - Phú Yên,2026-04-11 - Thứ 7,5.990,143,121,"84,62%"
580,Kho Giao Hàng Nặng - Quảng Ngãi - Quảng Ngãi,2026-04-11 - Thứ 7,5.503,124,108,"87,10%"
581,Kho Giao Hàng Nặng - Cam Ranh - Khánh Hoà,2026-04-11 - Thứ 7,5.101,156,130,"83,33%"
582,Kho Giao Hàng Nặng - Phan Rang - Ninh Thuận,2026-04-11 - Thứ 7,4.988,168,149,"88,69%"
583,Kho Giao Hàng Nặng - Thạch Linh - Hà Tĩnh,2026-04-11 - Thứ 7,4.061,109,48,"44,04%"
584,Kho Giao Hàng Nặng - Gia Nghĩa - Đắk Nông,2026-04-11 - Thứ 7,3.470,63,49,"77,78%"
585,Kho Giao Hàng Nặng - Tuy Phong - Bình Thuận,2026-04-11 - Thứ 7,3.444,114,85,"74,56%"
586,Kho Giao Hàng Nặng - Đồng Hới - Quảng Bình,2026-04-11 - Thứ 7,3.390,114,98,"85,96%"
587,Kho Giao Hàng Nặng - Tam Kỳ - Quảng Nam,2026-04-11 - Thứ 7,3.136,119,100,"84,03%"
588,Kho Giao Hàng Nặng - Pleiku - Gia Lai,2026-04-11 - Thứ 7,2.953,104,92,"88,46%"
589,Kho Giao Hàng Nặng - La Gi - Bình Thuận,2026-04-11 - Thứ 7,2.726,83,75,"90,36%"
590,Kho Giao Hàng Nặng - Hoài Nhơn - Bình Định,2026-04-11 - Thứ 7,2.578,85,65,"76,47%"
591,Kho Giao Hàng Nặng - Buôn Hồ - Đắk Lắk,2026-04-11 - Thứ 7,2.566,94,77,"81,91%"
592,Kho Giao Hàng Nặng - Đông Hà - Quảng Trị,2026-04-11 - Thứ 7,2.167,58,52,"89,66%"
593,Kho Giao Hàng Nặng - Thắng Lợi - Kon Tum,2026-04-11 - Thứ 7,1.588,53,46,"86,79%"
594,Kho Giao Hàng Nặng - Liên Chiểu - Đà Nẵng,2026-04-10 - Thứ 6,31.502,526,427,"81,18%"
595,Kho Giao Hàng Nặng - Nha Trang - Khánh Hoà,2026-04-10 - Thứ 6,19.594,598,516,"86,29%"
596,Kho Giao Hàng Nặng - Hoà Xuân - Đà Nẵng,2026-04-10 - Thứ 6,15.719,419,350,"83,53%"
597,Kho Giao Hàng Nặng - Buôn Ma Thuột - Đắk Lắk,2026-04-10 - Thứ 6,13.992,379,314,"82,85%"
598,Kho Giao Hàng Nặng - Hương Thủy - Huế,2026-04-10 - Thứ 6,12.761,358,296,"82,68%"
599,Kho Giao Hàng Nặng - Vinh - Nghệ An,2026-04-10 - Thứ 6,10.885,340,270,"79,41%"
600,Kho Giao Hàng Nặng - Phan Thiết - Bình Thuận,2026-04-10 - Thứ 6,10.708,198,165,"83,33%"
601,Kho Giao Hàng Nặng - Phan Rang - Ninh Thuận,2026-04-10 - Thứ 6,9.557,190,159,"83,68%"
602,Kho Giao Hàng Nặng - Đông Thọ - Thanh Hoá,2026-04-10 - Thứ 6,9.428,305,268,"87,87%"
603,Kho Giao Hàng Nặng - Pleiku - Gia Lai,2026-04-10 - Thứ 6,9.299,219,204,"93,15%"
604,Kho Giao Hàng Nặng - Quy Nhơn - Bình Định,2026-04-10 - Thứ 6,7.098,245,207,"84,49%"
605,Kho Giao Hàng Nặng - Hội An - Quảng Nam,2026-04-10 - Thứ 6,6.265,218,185,"84,86%"
606,Kho Giao Hàng Nặng - Đồng Hới - Quảng Bình,2026-04-10 - Thứ 6,5.187,131,111,"84,73%"
607,Kho Giao Hàng Nặng - Thạch Linh - Hà Tĩnh,2026-04-10 - Thứ 6,4.776,137,98,"71,53%"
608,Kho Giao Hàng Nặng - Tuy Hoà - Phú Yên,2026-04-10 - Thứ 6,4.605,155,134,"86,45%"
609,Kho Giao Hàng Nặng - Tuy Phong - Bình Thuận,2026-04-10 - Thứ 6,4.090,122,101,"82,79%"
610,Kho Giao Hàng Nặng - Cam Ranh - Khánh Hoà,2026-04-10 - Thứ 6,4.033,134,107,"79,85%"
611,Kho Giao Hàng Nặng - Tam Kỳ - Quảng Nam,2026-04-10 - Thứ 6,3.991,113,96,"84,96%"
612,Kho Giao Hàng Nặng - Quảng Ngãi - Quảng Ngãi,2026-04-10 - Thứ 6,3.129,103,92,"89,32%"
613,Kho Giao Hàng Nặng - Buôn Hồ - Đắk Lắk,2026-04-10 - Thứ 6,2.764,106,85,"80,19%"
614,Kho Giao Hàng Nặng - Thắng Lợi - Kon Tum,2026-04-10 - Thứ 6,2.657,82,71,"86,59%"
615,Kho Giao Hàng Nặng - La Gi - Bình Thuận,2026-04-10 - Thứ 6,2.254,83,78,"93,98%"
616,Kho Giao Hàng Nặng - Đông Hà - Quảng Trị,2026-04-10 - Thứ 6,2.248,78,74,"94,87%"
617,Kho Giao Hàng Nặng - Gia Nghĩa - Đắk Nông,2026-04-10 - Thứ 6,1.901,70,61,"87,14%"
618,Kho Giao Hàng Nặng - Hoài Nhơn - Bình Định,2026-04-10 - Thứ 6,1.184,49,37,"75,51%"
619,Kho Giao Hàng Nặng - Liên Chiểu - Đà Nẵng,2026-04-09 - Thứ 5,24.194,688,551,"80,09%"
620,Kho Giao Hàng Nặng - Nha Trang - Khánh Hoà,2026-04-09 - Thứ 5,20.562,694,617,"88,90%"
621,Kho Giao Hàng Nặng - Hương Thủy - Huế,2026-04-09 - Thứ 5,15.422,413,377,"91,28%"
622,Kho Giao Hàng Nặng - Hoà Xuân - Đà Nẵng,2026-04-09 - Thứ 5,14.767,366,317,"86,61%"
623,Kho Giao Hàng Nặng - Buôn Ma Thuột - Đắk Lắk,2026-04-09 - Thứ 5,13.822,416,322,"77,40%"
624,Kho Giao Hàng Nặng - Vinh - Nghệ An,2026-04-09 - Thứ 5,11.191,299,247,"82,61%"
625,Kho Giao Hàng Nặng - Phan Thiết - Bình Thuận,2026-04-09 - Thứ 5,10.816,213,184,"86,38%"
626,Kho Giao Hàng Nặng - Đông Thọ - Thanh Hoá,2026-04-09 - Thứ 5,10.440,340,297,"87,35%"
627,Kho Giao Hàng Nặng - Quy Nhơn - Bình Định,2026-04-09 - Thứ 5,10.248,307,274,"89,25%"
628,Kho Giao Hàng Nặng - Pleiku - Gia Lai,2026-04-09 - Thứ 5,9.169,241,211,"87,55%"
629,Kho Giao Hàng Nặng - Phan Rang - Ninh Thuận,2026-04-09 - Thứ 5,8.086,213,179,"84,04%"
630,Kho Giao Hàng Nặng - Quảng Ngãi - Quảng Ngãi,2026-04-09 - Thứ 5,6.664,146,129,"88,36%"
631,Kho Giao Hàng Nặng - Hội An - Quảng Nam,2026-04-09 - Thứ 5,6.382,220,204,"92,73%"
632,Kho Giao Hàng Nặng - Đồng Hới - Quảng Bình,2026-04-09 - Thứ 5,5.416,155,142,"91,61%"
633,Kho Giao Hàng Nặng - Tuy Phong - Bình Thuận,2026-04-09 - Thứ 5,4.231,133,107,"80,45%"
634,Kho Giao Hàng Nặng - Cam Ranh - Khánh Hoà,2026-04-09 - Thứ 5,4.159,151,124,"82,12%"
635,Kho Giao Hàng Nặng - Tuy Hoà - Phú Yên,2026-04-09 - Thứ 5,4.156,140,127,"90,71%"
636,Kho Giao Hàng Nặng - Thắng Lợi - Kon Tum,2026-04-09 - Thứ 5,4.120,132,113,"85,61%"
637,Kho Giao Hàng Nặng - Thạch Linh - Hà Tĩnh,2026-04-09 - Thứ 5,3.838,121,85,"70,25%"
638,Kho Giao Hàng Nặng - Tam Kỳ - Quảng Nam,2026-04-09 - Thứ 5,3.444,118,109,"92,37%"
639,Kho Giao Hàng Nặng - La Gi - Bình Thuận,2026-04-09 - Thứ 5,2.789,99,85,"85,86%"
640,Kho Giao Hàng Nặng - Hoài Nhơn - Bình Định,2026-04-09 - Thứ 5,2.766,98,79,"80,61%"
641,Kho Giao Hàng Nặng - Gia Nghĩa - Đắk Nông,2026-04-09 - Thứ 5,2.514,81,66,"81,48%"
642,Kho Giao Hàng Nặng - Đông Hà - Quảng Trị,2026-04-09 - Thứ 5,2.187,87,81,"93,10%"
643,Kho Giao Hàng Nặng - Buôn Hồ - Đắk Lắk,2026-04-09 - Thứ 5,2.003,73,59,"80,82%"
644,Kho Giao Hàng Nặng - Liên Chiểu - Đà Nẵng,2026-04-08 - Thứ 4,41.337,589,530,"89,98%"
645,Kho Giao Hàng Nặng - Nha Trang - Khánh Hoà,2026-04-08 - Thứ 4,18.547,483,428,"88,61%"
646,Kho Giao Hàng Nặng - Buôn Ma Thuột - Đắk Lắk,2026-04-08 - Thứ 4,15.983,433,346,"79,91%"
647,Kho Giao Hàng Nặng - Hoà Xuân - Đà Nẵng,2026-04-08 - Thứ 4,13.934,405,351,"86,67%"
648,Kho Giao Hàng Nặng - Hương Thủy - Huế,2026-04-08 - Thứ 4,13.712,375,347,"92,53%"
649,Kho Giao Hàng Nặng - Vinh - Nghệ An,2026-04-08 - Thứ 4,13.380,315,253,"80,32%"
650,Kho Giao Hàng Nặng - Quy Nhơn - Bình Định,2026-04-08 - Thứ 4,12.992,446,404,"90,58%"
651,Kho Giao Hàng Nặng - Phan Thiết - Bình Thuận,2026-04-08 - Thứ 4,11.410,220,193,"87,73%"
652,Kho Giao Hàng Nặng - Đông Thọ - Thanh Hoá,2026-04-08 - Thứ 4,10.585,285,250,"87,72%"
653,Kho Giao Hàng Nặng - Pleiku - Gia Lai,2026-04-08 - Thứ 4,7.517,234,210,"89,74%"
654,Kho Giao Hàng Nặng - Phan Rang - Ninh Thuận,2026-04-08 - Thứ 4,6.832,236,213,"90,25%"
655,Kho Giao Hàng Nặng - Tuy Hoà - Phú Yên,2026-04-08 - Thứ 4,6.728,244,206,"84,43%"
656,Kho Giao Hàng Nặng - Hội An - Quảng Nam,2026-04-08 - Thứ 4,6.312,225,205,"91,11%"
657,Kho Giao Hàng Nặng - Quảng Ngãi - Quảng Ngãi,2026-04-08 - Thứ 4,6.180,182,162,"89,01%"
658,Kho Giao Hàng Nặng - Tam Kỳ - Quảng Nam,2026-04-08 - Thứ 4,5.284,172,152,"88,37%"
659,Kho Giao Hàng Nặng - Đồng Hới - Quảng Bình,2026-04-08 - Thứ 4,4.925,161,136,"84,47%"
660,Kho Giao Hàng Nặng - Tuy Phong - Bình Thuận,2026-04-08 - Thứ 4,4.885,151,123,"81,46%"
661,Kho Giao Hàng Nặng - Cam Ranh - Khánh Hoà,2026-04-08 - Thứ 4,3.586,117,102,"87,18%"
662,Kho Giao Hàng Nặng - Thắng Lợi - Kon Tum,2026-04-08 - Thứ 4,3.388,114,102,"89,47%"
663,Kho Giao Hàng Nặng - La Gi - Bình Thuận,2026-04-08 - Thứ 4,3.212,108,98,"90,74%"
664,Kho Giao Hàng Nặng - Đông Hà - Quảng Trị,2026-04-08 - Thứ 4,3.180,118,111,"94,07%"
665,Kho Giao Hàng Nặng - Thạch Linh - Hà Tĩnh,2026-04-08 - Thứ 4,2.997,112,91,"81,25%"
666,Kho Giao Hàng Nặng - Gia Nghĩa - Đắk Nông,2026-04-08 - Thứ 4,2.962,78,60,"76,92%"
667,Kho Giao Hàng Nặng - Hoài Nhơn - Bình Định,2026-04-08 - Thứ 4,2.724,99,81,"81,82%"
668,Kho Giao Hàng Nặng - Buôn Hồ - Đắk Lắk,2026-04-08 - Thứ 4,1.968,65,53,"81,54%"
669,Kho Giao Hàng Nặng - Liên Chiểu - Đà Nẵng,2026-04-07 - Thứ 3,25.563,586,512,"87,37%"
670,Kho Giao Hàng Nặng - Nha Trang - Khánh Hoà,2026-04-07 - Thứ 3,20.303,671,584,"87,03%"
671,Kho Giao Hàng Nặng - Buôn Ma Thuột - Đắk Lắk,2026-04-07 - Thứ 3,17.039,465,377,"81,08%"
672,Kho Giao Hàng Nặng - Đông Thọ - Thanh Hoá,2026-04-07 - Thứ 3,13.757,330,282,"85,45%"
673,Kho Giao Hàng Nặng - Vinh - Nghệ An,2026-04-07 - Thứ 3,13.425,305,254,"83,28%"
674,Kho Giao Hàng Nặng - Hương Thủy - Huế,2026-04-07 - Thứ 3,13.120,457,435,"95,19%"
675,Kho Giao Hàng Nặng - Hoà Xuân - Đà Nẵng,2026-04-07 - Thứ 3,12.445,381,309,"81,10%"
676,Kho Giao Hàng Nặng - Quy Nhơn - Bình Định,2026-04-07 - Thứ 3,11.970,345,317,"91,88%"
677,Kho Giao Hàng Nặng - Phan Thiết - Bình Thuận,2026-04-07 - Thứ 3,8.982,231,195,"84,42%"
678,Kho Giao Hàng Nặng - Quảng Ngãi - Quảng Ngãi,2026-04-07 - Thứ 3,7.094,161,150,"93,17%"
679,Kho Giao Hàng Nặng - Pleiku - Gia Lai,2026-04-07 - Thứ 3,6.309,230,209,"90,87%"
680,Kho Giao Hàng Nặng - Hội An - Quảng Nam,2026-04-07 - Thứ 3,5.774,212,197,"92,92%"
681,Kho Giao Hàng Nặng - Phan Rang - Ninh Thuận,2026-04-07 - Thứ 3,5.293,169,140,"82,84%"
682,Kho Giao Hàng Nặng - Tuy Hoà - Phú Yên,2026-04-07 - Thứ 3,4.370,163,140,"85,89%"
683,Kho Giao Hàng Nặng - Thắng Lợi - Kon Tum,2026-04-07 - Thứ 3,4.228,108,93,"86,11%"
684,Kho Giao Hàng Nặng - Đồng Hới - Quảng Bình,2026-04-07 - Thứ 3,4.115,131,114,"87,02%"
685,Kho Giao Hàng Nặng - Tam Kỳ - Quảng Nam,2026-04-07 - Thứ 3,4.074,162,148,"91,36%"
686,Kho Giao Hàng Nặng - La Gi - Bình Thuận,2026-04-07 - Thứ 3,3.788,126,122,"96,83%"
687,Kho Giao Hàng Nặng - Tuy Phong - Bình Thuận,2026-04-07 - Thứ 3,3.779,134,117,"87,31%"
688,Kho Giao Hàng Nặng - Cam Ranh - Khánh Hoà,2026-04-07 - Thứ 3,3.749,125,111,"88,80%"
689,Kho Giao Hàng Nặng - Thạch Linh - Hà Tĩnh,2026-04-07 - Thứ 3,3.632,134,108,"80,60%"
690,Kho Giao Hàng Nặng - Gia Nghĩa - Đắk Nông,2026-04-07 - Thứ 3,2.528,84,69,"82,14%"
691,Kho Giao Hàng Nặng - Hoài Nhơn - Bình Định,2026-04-07 - Thứ 3,2.421,86,69,"80,23%"
692,Kho Giao Hàng Nặng - Buôn Hồ - Đắk Lắk,2026-04-07 - Thứ 3,2.198,75,65,"86,67%"
693,Kho Giao Hàng Nặng - Đông Hà - Quảng Trị,2026-04-07 - Thứ 3,1.781,66,62,"93,94%"
694,Kho Giao Hàng Nặng - Liên Chiểu - Đà Nẵng,2026-04-06 - Thứ 2,23.791,606,525,"86,63%"
695,Kho Giao Hàng Nặng - Nha Trang - Khánh Hoà,2026-04-06 - Thứ 2,19.853,607,532,"87,64%"
696,Kho Giao Hàng Nặng - Buôn Ma Thuột - Đắk Lắk,2026-04-06 - Thứ 2,17.473,464,372,"80,17%"
697,Kho Giao Hàng Nặng - Phan Thiết - Bình Thuận,2026-04-06 - Thứ 2,16.961,254,224,"88,19%"
698,Kho Giao Hàng Nặng - Hương Thủy - Huế,2026-04-06 - Thứ 2,15.477,446,421,"94,39%"
699,Kho Giao Hàng Nặng - Quy Nhơn - Bình Định,2026-04-06 - Thứ 2,14.624,395,355,"89,87%"
700,Kho Giao Hàng Nặng - Đông Thọ - Thanh Hoá,2026-04-06 - Thứ 2,13.973,314,277,"88,22%"
701,Kho Giao Hàng Nặng - Hoà Xuân - Đà Nẵng,2026-04-06 - Thứ 2,13.375,428,363,"84,81%"
702,Kho Giao Hàng Nặng - Pleiku - Gia Lai,2026-04-06 - Thứ 2,13.260,314,291,"92,68%"
703,Kho Giao Hàng Nặng - Vinh - Nghệ An,2026-04-06 - Thứ 2,11.078,257,199,"77,43%"
704,Kho Giao Hàng Nặng - Phan Rang - Ninh Thuận,2026-04-06 - Thứ 2,8.831,223,200,"89,69%"
705,Kho Giao Hàng Nặng - Quảng Ngãi - Quảng Ngãi,2026-04-06 - Thứ 2,8.519,180,170,"94,44%"
706,Kho Giao Hàng Nặng - Thắng Lợi - Kon Tum,2026-04-06 - Thứ 2,5.683,127,110,"86,61%"
707,Kho Giao Hàng Nặng - Hội An - Quảng Nam,2026-04-06 - Thứ 2,5.627,179,170,"94,97%"
708,Kho Giao Hàng Nặng - Đồng Hới - Quảng Bình,2026-04-06 - Thứ 2,4.617,153,135,"88,24%"
709,Kho Giao Hàng Nặng - Tuy Hoà - Phú Yên,2026-04-06 - Thứ 2,4.543,140,117,"83,57%"
710,Kho Giao Hàng Nặng - Tuy Phong - Bình Thuận,2026-04-06 - Thứ 2,4.115,131,103,"78,63%"
711,Kho Giao Hàng Nặng - Thạch Linh - Hà Tĩnh,2026-04-06 - Thứ 2,4.080,123,101,"82,11%"
712,Kho Giao Hàng Nặng - Đông Hà - Quảng Trị,2026-04-06 - Thứ 2,3.639,104,97,"93,27%"
713,Kho Giao Hàng Nặng - La Gi - Bình Thuận,2026-04-06 - Thứ 2,3.272,107,100,"93,46%"
714,Kho Giao Hàng Nặng - Gia Nghĩa - Đắk Nông,2026-04-06 - Thứ 2,3.130,86,73,"84,88%"
715,Kho Giao Hàng Nặng - Hoài Nhơn - Bình Định,2026-04-06 - Thứ 2,2.829,108,90,"83,33%"
716,Kho Giao Hàng Nặng - Buôn Hồ - Đắk Lắk,2026-04-06 - Thứ 2,2.789,98,86,"87,76%"
717,Kho Giao Hàng Nặng - Cam Ranh - Khánh Hoà,2026-04-06 - Thứ 2,2.742,108,92,"85,19%"
718,Kho Giao Hàng Nặng - Tam Kỳ - Quảng Nam,2026-04-06 - Thứ 2,2.597,94,81,"86,17%"
719,Kho Giao Hàng Nặng - Nha Trang - Khánh Hoà,2026-04-05 - CN,22.334,564,461,"81,74%"
720,Kho Giao Hàng Nặng - Liên Chiểu - Đà Nẵng,2026-04-05 - CN,19.971,478,394,"82,43%"
721,Kho Giao Hàng Nặng - Vinh - Nghệ An,2026-04-05 - CN,14.358,320,233,"72,81%"
722,Kho Giao Hàng Nặng - Buôn Ma Thuột - Đắk Lắk,2026-04-05 - CN,13.717,305,231,"75,74%"
723,Kho Giao Hàng Nặng - Hoà Xuân - Đà Nẵng,2026-04-05 - CN,12.614,381,309,"81,10%"
724,Kho Giao Hàng Nặng - Hương Thủy - Huế,2026-04-05 - CN,12.260,418,384,"91,87%"
725,Kho Giao Hàng Nặng - Đông Thọ - Thanh Hoá,2026-04-05 - CN,11.515,292,244,"83,56%"
726,Kho Giao Hàng Nặng - Quy Nhơn - Bình Định,2026-04-05 - CN,10.065,281,240,"85,41%"
727,Kho Giao Hàng Nặng - Pleiku - Gia Lai,2026-04-05 - CN,9.850,223,198,"88,79%"
728,Kho Giao Hàng Nặng - Phan Rang - Ninh Thuận,2026-04-05 - CN,6.012,168,137,"81,55%"
729,Kho Giao Hàng Nặng - Phan Thiết - Bình Thuận,2026-04-05 - CN,5.971,201,152,"75,62%"
730,Kho Giao Hàng Nặng - Đông Hà - Quảng Trị,2026-04-05 - CN,5.681,61,54,"88,52%"
731,Kho Giao Hàng Nặng - Tuy Hoà - Phú Yên,2026-04-05 - CN,4.926,175,137,"78,29%"
732,Kho Giao Hàng Nặng - Hội An - Quảng Nam,2026-04-05 - CN,4.612,171,132,"77,19%"
733,Kho Giao Hàng Nặng - Quảng Ngãi - Quảng Ngãi,2026-04-05 - CN,4.155,139,126,"90,65%"
734,Kho Giao Hàng Nặng - Đồng Hới - Quảng Bình,2026-04-05 - CN,4.065,113,96,"84,96%"
735,Kho Giao Hàng Nặng - Tuy Phong - Bình Thuận,2026-04-05 - CN,3.509,116,101,"87,07%"
736,Kho Giao Hàng Nặng - Thắng Lợi - Kon Tum,2026-04-05 - CN,3.389,118,98,"83,05%"
737,Kho Giao Hàng Nặng - Thạch Linh - Hà Tĩnh,2026-04-05 - CN,3.313,102,82,"80,39%"
738,Kho Giao Hàng Nặng - Tam Kỳ - Quảng Nam,2026-04-05 - CN,3.272,116,95,"81,90%"
739,Kho Giao Hàng Nặng - Cam Ranh - Khánh Hoà,2026-04-05 - CN,3.268,128,111,"86,72%"
740,Kho Giao Hàng Nặng - La Gi - Bình Thuận,2026-04-05 - CN,2.712,99,86,"86,87%"
741,Kho Giao Hàng Nặng - Hoài Nhơn - Bình Định,2026-04-05 - CN,2.154,76,53,"69,74%"
742,Kho Giao Hàng Nặng - Buôn Hồ - Đắk Lắk,2026-04-05 - CN,2.070,77,61,"79,22%"
743,Kho Giao Hàng Nặng - Gia Nghĩa - Đắk Nông,2026-04-05 - CN,2.034,69,51,"73,91%"
744,Kho Giao Hàng Nặng - Liên Chiểu - Đà Nẵng,2026-04-04 - Thứ 7,20.951,484,400,"82,64%"
745,Kho Giao Hàng Nặng - Nha Trang - Khánh Hoà,2026-04-04 - Thứ 7,15.864,495,423,"85,45%"
746,Kho Giao Hàng Nặng - Hoà Xuân - Đà Nẵng,2026-04-04 - Thứ 7,12.828,343,294,"85,71%"
747,Kho Giao Hàng Nặng - Hương Thủy - Huế,2026-04-04 - Thứ 7,12.684,327,303,"92,66%"
748,Kho Giao Hàng Nặng - Buôn Ma Thuột - Đắk Lắk,2026-04-04 - Thứ 7,12.163,328,257,"78,35%"
749,Kho Giao Hàng Nặng - Quy Nhơn - Bình Định,2026-04-04 - Thứ 7,11.817,296,269,"90,88%"
750,Kho Giao Hàng Nặng - Đông Thọ - Thanh Hoá,2026-04-04 - Thứ 7,11.298,311,276,"88,75%"
751,Kho Giao Hàng Nặng - Vinh - Nghệ An,2026-04-04 - Thứ 7,10.185,349,277,"79,37%"
752,Kho Giao Hàng Nặng - Đồng Hới - Quảng Bình,2026-04-04 - Thứ 7,7.856,105,94,"89,52%"
753,Kho Giao Hàng Nặng - Hội An - Quảng Nam,2026-04-04 - Thứ 7,6.304,206,181,"87,86%"
754,Kho Giao Hàng Nặng - Phan Rang - Ninh Thuận,2026-04-04 - Thứ 7,6.049,202,168,"83,17%"
755,Kho Giao Hàng Nặng - Phan Thiết - Bình Thuận,2026-04-04 - Thứ 7,5.225,161,134,"83,23%"
756,Kho Giao Hàng Nặng - Tuy Hoà - Phú Yên,2026-04-04 - Thứ 7,4.958,139,130,"93,53%"
757,Kho Giao Hàng Nặng - Pleiku - Gia Lai,2026-04-04 - Thứ 7,4.684,134,106,"79,10%"
758,Kho Giao Hàng Nặng - Quảng Ngãi - Quảng Ngãi,2026-04-04 - Thứ 7,4.540,135,122,"90,37%"
759,Kho Giao Hàng Nặng - Tuy Phong - Bình Thuận,2026-04-04 - Thứ 7,4.035,108,94,"87,04%"
760,Kho Giao Hàng Nặng - Thạch Linh - Hà Tĩnh,2026-04-04 - Thứ 7,3.703,127,95,"74,80%"
761,Kho Giao Hàng Nặng - Tam Kỳ - Quảng Nam,2026-04-04 - Thứ 7,3.594,123,107,"86,99%"
762,Kho Giao Hàng Nặng - Hoài Nhơn - Bình Định,2026-04-04 - Thứ 7,3.418,113,89,"78,76%"
763,Kho Giao Hàng Nặng - La Gi - Bình Thuận,2026-04-04 - Thứ 7,3.240,119,109,"91,60%"
764,Kho Giao Hàng Nặng - Cam Ranh - Khánh Hoà,2026-04-04 - Thứ 7,3.014,100,81,"81,00%"
765,Kho Giao Hàng Nặng - Đông Hà - Quảng Trị,2026-04-04 - Thứ 7,2.662,103,95,"92,23%"
766,Kho Giao Hàng Nặng - Gia Nghĩa - Đắk Nông,2026-04-04 - Thứ 7,2.604,65,45,"69,23%"
767,Kho Giao Hàng Nặng - Thắng Lợi - Kon Tum,2026-04-04 - Thứ 7,2.519,101,92,"91,09%"
768,Kho Giao Hàng Nặng - Buôn Hồ - Đắk Lắk,2026-04-04 - Thứ 7,1.573,57,46,"80,70%"
769,Kho Giao Hàng Nặng - Liên Chiểu - Đà Nẵng,2026-04-03 - Thứ 6,29.911,436,357,"81,88%"
770,Kho Giao Hàng Nặng - Hương Thủy - Huế,2026-04-03 - Thứ 6,14.226,353,333,"94,33%"
771,Kho Giao Hàng Nặng - Nha Trang - Khánh Hoà,2026-04-03 - Thứ 6,14.045,443,373,"84,20%"
772,Kho Giao Hàng Nặng - Vinh - Nghệ An,2026-04-03 - Thứ 6,13.820,297,233,"78,45%"
773,Kho Giao Hàng Nặng - Hoà Xuân - Đà Nẵng,2026-04-03 - Thứ 6,13.221,381,333,"87,40%"
774,Kho Giao Hàng Nặng - Đông Thọ - Thanh Hoá,2026-04-03 - Thứ 6,10.838,209,189,"90,43%"
775,Kho Giao Hàng Nặng - Buôn Ma Thuột - Đắk Lắk,2026-04-03 - Thứ 6,10.653,330,254,"76,97%"
776,Kho Giao Hàng Nặng - Quy Nhơn - Bình Định,2026-04-03 - Thứ 6,8.477,286,246,"86,01%"
777,Kho Giao Hàng Nặng - Phan Thiết - Bình Thuận,2026-04-03 - Thứ 6,6.893,191,165,"86,39%"
778,Kho Giao Hàng Nặng - Hội An - Quảng Nam,2026-04-03 - Thứ 6,5.978,200,167,"83,50%"
779,Kho Giao Hàng Nặng - Tuy Hoà - Phú Yên,2026-04-03 - Thứ 6,5.913,127,87,"68,50%"
780,Kho Giao Hàng Nặng - Quảng Ngãi - Quảng Ngãi,2026-04-03 - Thứ 6,5.773,129,119,"92,25%"
781,Kho Giao Hàng Nặng - Pleiku - Gia Lai,2026-04-03 - Thứ 6,5.735,193,172,"89,12%"
782,Kho Giao Hàng Nặng - Phan Rang - Ninh Thuận,2026-04-03 - Thứ 6,4.659,152,126,"82,89%"
783,Kho Giao Hàng Nặng - Đồng Hới - Quảng Bình,2026-04-03 - Thứ 6,4.275,106,98,"92,45%"
784,Kho Giao Hàng Nặng - Cam Ranh - Khánh Hoà,2026-04-03 - Thứ 6,4.227,130,111,"85,38%"
785,Kho Giao Hàng Nặng - Tam Kỳ - Quảng Nam,2026-04-03 - Thứ 6,2.847,100,83,"83,00%"
786,Kho Giao Hàng Nặng - Thắng Lợi - Kon Tum,2026-04-03 - Thứ 6,2.571,96,85,"88,54%"
787,Kho Giao Hàng Nặng - La Gi - Bình Thuận,2026-04-03 - Thứ 6,2.405,93,62,"66,67%"
788,Kho Giao Hàng Nặng - Gia Nghĩa - Đắk Nông,2026-04-03 - Thứ 6,2.340,75,60,"80,00%"
789,Kho Giao Hàng Nặng - Tuy Phong - Bình Thuận,2026-04-03 - Thứ 6,2.096,68,57,"83,82%"
790,Kho Giao Hàng Nặng - Đông Hà - Quảng Trị,2026-04-03 - Thứ 6,1.949,66,57,"86,36%"
791,Kho Giao Hàng Nặng - Buôn Hồ - Đắk Lắk,2026-04-03 - Thứ 6,1.917,73,63,"86,30%"
792,Kho Giao Hàng Nặng - Hoài Nhơn - Bình Định,2026-04-03 - Thứ 6,1.567,49,36,"73,47%"
793,Kho Giao Hàng Nặng - Thạch Linh - Hà Tĩnh,2026-04-03 - Thứ 6,1.465,52,36,"69,23%"
794,Kho Giao Hàng Nặng - Liên Chiểu - Đà Nẵng,2026-04-02 - Thứ 5,45.195,547,443,"80,99%"
795,Kho Giao Hàng Nặng - Nha Trang - Khánh Hoà,2026-04-02 - Thứ 5,20.572,447,399,"89,26%"
796,Kho Giao Hàng Nặng - Buôn Ma Thuột - Đắk Lắk,2026-04-02 - Thứ 5,13.937,423,330,"78,01%"
797,Kho Giao Hàng Nặng - Vinh - Nghệ An,2026-04-02 - Thứ 5,12.440,261,209,"80,08%"
798,Kho Giao Hàng Nặng - Hoà Xuân - Đà Nẵng,2026-04-02 - Thứ 5,11.139,366,309,"84,43%"
799,Kho Giao Hàng Nặng - Quy Nhơn - Bình Định,2026-04-02 - Thứ 5,9.985,254,227,"89,37%"
800,Kho Giao Hàng Nặng - Phan Thiết - Bình Thuận,2026-04-02 - Thứ 5,9.487,188,169,"89,89%"
801,Kho Giao Hàng Nặng - Hương Thủy - Huế,2026-04-02 - Thứ 5,9.057,253,233,"92,09%"
802,Kho Giao Hàng Nặng - Đông Thọ - Thanh Hoá,2026-04-02 - Thứ 5,9.006,279,243,"87,10%"
803,Kho Giao Hàng Nặng - Phan Rang - Ninh Thuận,2026-04-02 - Thứ 5,7.853,180,154,"85,56%"
804,Kho Giao Hàng Nặng - Pleiku - Gia Lai,2026-04-02 - Thứ 5,5.932,189,171,"90,48%"
805,Kho Giao Hàng Nặng - Hội An - Quảng Nam,2026-04-02 - Thứ 5,5.324,180,159,"88,33%"
806,Kho Giao Hàng Nặng - Quảng Ngãi - Quảng Ngãi,2026-04-02 - Thứ 5,4.178,109,99,"90,83%"
807,Kho Giao Hàng Nặng - Tuy Hoà - Phú Yên,2026-04-02 - Thứ 5,3.266,109,92,"84,40%"
808,Kho Giao Hàng Nặng - Thắng Lợi - Kon Tum,2026-04-02 - Thứ 5,3.007,83,69,"83,13%"
809,Kho Giao Hàng Nặng - Đông Hà - Quảng Trị,2026-04-02 - Thứ 5,2.947,100,92,"92,00%"
810,Kho Giao Hàng Nặng - Tam Kỳ - Quảng Nam,2026-04-02 - Thứ 5,2.641,84,70,"83,33%"
811,Kho Giao Hàng Nặng - Gia Nghĩa - Đắk Nông,2026-04-02 - Thứ 5,2.517,54,40,"74,07%"
812,Kho Giao Hàng Nặng - Đồng Hới - Quảng Bình,2026-04-02 - Thứ 5,2.499,97,85,"87,63%"
813,Kho Giao Hàng Nặng - La Gi - Bình Thuận,2026-04-02 - Thứ 5,2.425,80,72,"90,00%"
814,Kho Giao Hàng Nặng - Cam Ranh - Khánh Hoà,2026-04-02 - Thứ 5,2.348,90,69,"76,67%"
815,Kho Giao Hàng Nặng - Thạch Linh - Hà Tĩnh,2026-04-02 - Thứ 5,2.257,85,75,"88,24%"
816,Kho Giao Hàng Nặng - Tuy Phong - Bình Thuận,2026-04-02 - Thứ 5,2.151,61,52,"85,25%"
817,Kho Giao Hàng Nặng - Buôn Hồ - Đắk Lắk,2026-04-02 - Thứ 5,1.830,74,65,"87,84%"
818,Kho Giao Hàng Nặng - Hoài Nhơn - Bình Định,2026-04-02 - Thứ 5,901,36,28,"77,78%"
819,Kho Giao Hàng Nặng - Liên Chiểu - Đà Nẵng,2026-04-01 - Thứ 4,22.402,413,370,"89,59%"
820,Kho Giao Hàng Nặng - Buôn Ma Thuột - Đắk Lắk,2026-04-01 - Thứ 4,15.960,352,277,"78,69%"
821,Kho Giao Hàng Nặng - Nha Trang - Khánh Hoà,2026-04-01 - Thứ 4,14.134,339,299,"88,20%"
822,Kho Giao Hàng Nặng - Đông Thọ - Thanh Hoá,2026-04-01 - Thứ 4,10.574,181,160,"88,40%"
823,Kho Giao Hàng Nặng - Pleiku - Gia Lai,2026-04-01 - Thứ 4,9.889,235,209,"88,94%"
824,Kho Giao Hàng Nặng - Vinh - Nghệ An,2026-04-01 - Thứ 4,9.480,193,153,"79,27%"
825,Kho Giao Hàng Nặng - Quy Nhơn - Bình Định,2026-04-01 - Thứ 4,9.095,328,293,"89,33%"
826,Kho Giao Hàng Nặng - Hương Thủy - Huế,2026-04-01 - Thứ 4,8.995,280,260,"92,86%"
827,Kho Giao Hàng Nặng - Hoà Xuân - Đà Nẵng,2026-04-01 - Thứ 4,8.687,278,232,"83,45%"
828,Kho Giao Hàng Nặng - Phan Thiết - Bình Thuận,2026-04-01 - Thứ 4,7.612,141,118,"83,69%"
829,Kho Giao Hàng Nặng - Quảng Ngãi - Quảng Ngãi,2026-04-01 - Thứ 4,7.137,157,142,"90,45%"
830,Kho Giao Hàng Nặng - Phan Rang - Ninh Thuận,2026-04-01 - Thứ 4,4.843,133,109,"81,95%"
831,Kho Giao Hàng Nặng - Hội An - Quảng Nam,2026-04-01 - Thứ 4,4.310,160,145,"90,63%"
832,Kho Giao Hàng Nặng - Tuy Hoà - Phú Yên,2026-04-01 - Thứ 4,4.002,141,120,"85,11%"
833,Kho Giao Hàng Nặng - Đồng Hới - Quảng Bình,2026-04-01 - Thứ 4,3.011,106,93,"87,74%"
834,Kho Giao Hàng Nặng - La Gi - Bình Thuận,2026-04-01 - Thứ 4,2.996,92,87,"94,57%"
835,Kho Giao Hàng Nặng - Thắng Lợi - Kon Tum,2026-04-01 - Thứ 4,2.815,101,89,"88,12%"
836,Kho Giao Hàng Nặng - Hoài Nhơn - Bình Định,2026-04-01 - Thứ 4,2.753,90,73,"81,11%"
837,Kho Giao Hàng Nặng - Cam Ranh - Khánh Hoà,2026-04-01 - Thứ 4,2.706,102,80,"78,43%"
838,Kho Giao Hàng Nặng - Tam Kỳ - Quảng Nam,2026-04-01 - Thứ 4,2.667,86,77,"89,53%"
839,Kho Giao Hàng Nặng - Thạch Linh - Hà Tĩnh,2026-04-01 - Thứ 4,2.305,83,60,"72,29%"
840,Kho Giao Hàng Nặng - Buôn Hồ - Đắk Lắk,2026-04-01 - Thứ 4,2.049,75,60,"80,00%"
841,Kho Giao Hàng Nặng - Đông Hà - Quảng Trị,2026-04-01 - Thứ 4,1.771,66,60,"90,91%"
842,Kho Giao Hàng Nặng - Tuy Phong - Bình Thuận,2026-04-01 - Thứ 4,1.662,58,55,"94,83%"
843,Kho Giao Hàng Nặng - Gia Nghĩa - Đắk Nông,2026-04-01 - Thứ 4,1.222,46,31,"67,39%"